Player ID,Player,Age,Team,Pos,G,GS,FGA,FGM,FGA.1,FGM.1,FGA.2,FGM.2,FGA.3,FGM.3,FGA.4,FGM.4,FGA.5,FGM.5,Lng,FG%,XPA,XPM,XP%,KO,KOYds,TB,TB%,KOAvg
377938.0,Justin Tucker,26.0,BAL,K,16.0,0.0,0.0,0.0,10.0,10.0,9.0,9.0,11.0,10.0,10.0,4.0,40.0,33.0,52.0,82.5,29.0,29.0,100.0,74.0,4753.0,63.0,85.1,64.0
120324.0,Robbie Gould,33.0,CHI,K,16.0,0.0,1.0,1.0,8.0,8.0,12.0,10.0,9.0,7.0,9.0,7.0,39.0,33.0,55.0,84.6,29.0,28.0,96.6,83.0,5003.0,39.0,47.0,60.0
379207.0,Blair Walsh,25.0,MIN,K,16.0,0.0,0.0,0.0,9.0,9.0,15.0,13.0,7.0,6.0,8.0,6.0,39.0,34.0,54.0,87.2,37.0,33.0,89.2,86.0,5651.0,47.0,54.7,66.0
506126.0,Cairo Santos,24.0,KAN,K,16.0,0.0,0.0,0.0,8.0,7.0,10.0,10.0,11.0,9.0,8.0,4.0,37.0,30.0,53.0,81.1,41.0,39.0,95.1,90.0,5721.0,40.0,44.4,64.0
173647.0,Graham Gano,28.0,CAR,K,16.0,0.0,1.0,1.0,10.0,10.0,5.0,4.0,16.0,13.0,4.0,2.0,36.0,30.0,52.0,83.3,59.0,56.0,94.9,102.0,6706.0,69.0,67.6,66.0
140616.0,Stephen Gostkowski,31.0,NWE,K,16.0,0.0,0.0,0.0,6.0,6.0,11.0,11.0,14.0,12.0,5.0,4.0,36.0,33.0,57.0,91.7,52.0,52.0,100.0,99.0,6249.0,69.0,69.7,63.0
482164.0,Brandon McManus,24.0,DEN,K,16.0,0.0,0.0,0.0,12.0,12.0,8.0,8.0,8.0,5.0,7.0,5.0,35.0,30.0,57.0,85.7,36.0,35.0,97.2,81.0,5046.0,55.0,67.9,62.0
192523.0,Dan Bailey,27.0,DAL,K,16.0,0.0,0.0,0.0,9.0,9.0,10.0,10.0,7.0,6.0,6.0,5.0,32.0,30.0,54.0,93.8,25.0,25.0,100.0,73.0,4620.0,49.0,67.1,63.0
482460.0,Chris Boswell,24.0,PIT,K,12.0,0.0,1.0,1.0,9.0,9.0,8.0,8.0,12.0,9.0,2.0,2.0,32.0,29.0,51.0,90.6,27.0,26.0,96.3,74.0,4680.0,26.0,35.1,63.0
,Josh Brown,36.0,NYG,K,16.0,0.0,1.0,1.0,6.0,6.0,12.0,12.0,10.0,8.0,3.0,3.0,32.0,30.0,53.0,93.8,45.0,44.0,97.8,93.0,5697.0,37.0,39.8,61.0
535311.0,Travis Coons,23.0,CLE,K,16.0,0.0,0.0,0.0,11.0,11.0,10.0,10.0,9.0,7.0,2.0,0.0,32.0,28.0,47.0,87.5,24.0,22.0,91.7,70.0,4420.0,27.0,38.6,63.0
541166.0,Josh Lambo,25.0,SDG,K,16.0,0.0,0.0,0.0,4.0,4.0,7.0,7.0,16.0,11.0,5.0,4.0,32.0,26.0,54.0,81.3,32.0,28.0,87.5,75.0,4783.0,41.0,54.7,64.0
490871.0,Chandler Catanzaro,24.0,ARI,K,16.0,0.0,1.0,1.0,12.0,12.0,9.0,9.0,7.0,6.0,2.0,0.0,31.0,28.0,47.0,90.3,58.0,53.0,91.4,99.0,6445.0,50.0,50.5,65.0
240963.0,Stephen Hauschka,30.0,SEA,K,16.0,0.0,0.0,0.0,9.0,9.0,7.0,7.0,9.0,7.0,6.0,6.0,31.0,29.0,54.0,93.5,44.0,40.0,90.9,91.0,5869.0,47.0,51.6,65.0
,Jason Myers,24.0,JAX,K,16.0,0.0,0.0,0.0,10.0,9.0,8.0,8.0,8.0,6.0,4.0,3.0,30.0,26.0,58.0,86.7,39.0,32.0,82.1,84.0,5208.0,55.0,65.5,62.0
,Greg Zuerlein,28.0,STL,K,14.0,0.0,1.0,1.0,2.0,2.0,10.0,9.0,8.0,5.0,9.0,3.0,30.0,20.0,61.0,66.7,28.0,26.0,92.9,64.0,4168.0,38.0,59.4,65.0
162664.0,Connor Barth,29.0,TAM,K,12.0,0.0,0.0,0.0,9.0,9.0,8.0,8.0,6.0,3.0,5.0,3.0,28.0,23.0,53.0,82.1,26.0,25.0,96.2,64.0,4062.0,32.0,50.0,64.0
145297.0,Mason Crosby,31.0,GNB,K,16.0,0.0,1.0,1.0,7.0,7.0,4.0,4.0,11.0,8.0,5.0,4.0,28.0,24.0,56.0,85.7,36.0,36.0,100.0,80.0,5050.0,41.0,51.3,63.0
480761.0,Dustin Hopkins,25.0,WAS,K,15.0,0.0,0.0,0.0,7.0,7.0,9.0,9.0,8.0,7.0,4.0,2.0,28.0,25.0,54.0,89.3,40.0,39.0,97.5,80.0,4967.0,52.0,65.0,62.0
122199.0,Mike Nugent,33.0,CIN,K,16.0,0.0,0.0,0.0,6.0,6.0,6.0,5.0,13.0,10.0,3.0,2.0,28.0,23.0,52.0,82.1,49.0,48.0,98.0,89.0,5786.0,42.0,47.2,65.0
159528.0,Dan Carpenter,30.0,BUF,K,16.0,0.0,0.0,0.0,5.0,5.0,9.0,8.0,8.0,7.0,5.0,3.0,27.0,23.0,52.0,85.2,40.0,34.0,85.0,4.0,213.0,0.0,0.0,53.0
,Phil Dawson,40.0,SFO,K,16.0,0.0,0.0,0.0,10.0,9.0,6.0,6.0,8.0,6.0,3.0,3.0,27.0,24.0,54.0,88.9,21.0,20.0,95.2,6.0,268.0,0.0,0.0,45.0
,Adam Vinatieri,43.0,IND,K,16.0,0.0,0.0,0.0,8.0,7.0,6.0,6.0,8.0,8.0,5.0,4.0,27.0,25.0,55.0,92.6,35.0,32.0,91.4,0.0,0.0,0.0,,
,Sebastian Janikowski,37.0,OAK,K,16.0,0.0,0.0,0.0,7.0,7.0,6.0,5.0,8.0,5.0,5.0,4.0,26.0,21.0,56.0,80.8,39.0,38.0,97.4,79.0,4941.0,44.0,55.7,63.0
,Matt Prater,31.0,DET,K,16.0,0.0,0.0,0.0,3.0,3.0,9.0,8.0,6.0,6.0,6.0,5.0,24.0,22.0,59.0,91.7,39.0,36.0,92.3,4.0,223.0,0.0,0.0,56.0
378619.0,Caleb Sturgis,26.0,PHI,K,13.0,0.0,0.0,0.0,4.0,4.0,10.0,8.0,4.0,4.0,4.0,2.0,22.0,18.0,53.0,81.8,37.0,35.0,94.6,68.0,4171.0,39.0,57.4,61.0
102394.0,Nick Novak,34.0,HOU,K,13.0,0.0,0.0,0.0,6.0,6.0,6.0,6.0,4.0,4.0,5.0,2.0,21.0,18.0,51.0,85.7,31.0,29.0,93.5,62.0,4006.0,23.0,37.1,65.0
,Matt Bryant,40.0,ATL,K,10.0,0.0,1.0,1.0,4.0,4.0,4.0,3.0,9.0,6.0,0.0,0.0,18.0,14.0,47.0,77.8,26.0,26.0,100.0,0.0,0.0,0.0,,
479837.0,Nick Folk,31.0,NYJ,K,8.0,0.0,0.0,0.0,2.0,2.0,6.0,6.0,6.0,3.0,2.0,2.0,16.0,13.0,55.0,81.3,19.0,19.0,100.0,39.0,2466.0,13.0,33.3,63.0
,Andrew Franks,22.0,MIA,K,16.0,0.0,1.0,1.0,3.0,3.0,4.0,4.0,6.0,4.0,2.0,1.0,16.0,13.0,53.0,81.3,36.0,33.0,91.7,66.0,4133.0,44.0,66.7,63.0
173684.0,Ryan Succop,29.0,TEN,K,16.0,0.0,0.0,0.0,3.0,3.0,3.0,3.0,7.0,7.0,3.0,1.0,16.0,14.0,51.0,87.5,31.0,29.0,93.5,66.0,4272.0,43.0,65.2,65.0
,Shayne Graham,38.0,ATL,K,5.0,0.0,0.0,0.0,2.0,2.0,4.0,4.0,4.0,2.0,3.0,3.0,13.0,11.0,54.0,84.6,8.0,8.0,100.0,0.0,0.0,0.0,,
515407.0,Kyle Brindza,22.0,TAM,K,4.0,0.0,0.0,0.0,2.0,1.0,3.0,2.0,3.0,1.0,4.0,2.0,12.0,6.0,58.0,50.0,8.0,6.0,75.0,18.0,1131.0,12.0,66.7,63.0
,Josh Scobee,33.0,PIT,K,4.0,0.0,0.0,0.0,2.0,2.0,1.0,1.0,7.0,3.0,0.0,0.0,10.0,6.0,45.0,60.0,7.0,6.0,85.7,20.0,1251.0,12.0,60.0,63.0
504119.0,Cody Parkey,23.0,PHI,K,3.0,0.0,0.0,0.0,1.0,1.0,1.0,1.0,2.0,1.0,0.0,0.0,4.0,3.0,46.0,75.0,7.0,7.0,100.0,13.0,754.0,3.0,23.1,58.0
,Matthew Bosher,28.0,ATL,P,16.0,0.0,0.0,0.0,0.0,0.0,0.0,0.0,0.0,0.0,0.0,0.0,0.0,0.0,,,0.0,0.0,,76.0,4875.0,52.0,68.4,64.0
146878.0,Britton Colquitt,30.0,DEN,P,16.0,0.0,0.0,0.0,0.0,0.0,0.0,0.0,0.0,0.0,0.0,0.0,0.0,0.0,,,0.0,0.0,,1.0,63.0,0.0,0.0,63.0
504307.0,Matt Darr,23.0,MIA,P,16.0,0.0,0.0,0.0,0.0,0.0,0.0,0.0,0.0,0.0,0.0,0.0,0.0,0.0,,,0.0,0.0,,6.0,258.0,0.0,0.0,43.0
,Nate Ebner,27.0,NWE,DB,15.0,0.0,0.0,0.0,0.0,0.0,0.0,0.0,0.0,0.0,0.0,0.0,0.0,0.0,,,0.0,0.0,,2.0,35.0,0.0,0.0,18.0
,Jordan Gay,25.0,BUF,P,14.0,0.0,0.0,0.0,0.0,0.0,0.0,0.0,0.0,0.0,0.0,0.0,0.0,0.0,,,0.0,0.0,,77.0,4815.0,42.0,54.5,63.0
379324.0,Johnny Hekker,25.0,STL,P,16.0,0.0,0.0,0.0,0.0,0.0,0.0,0.0,0.0,0.0,0.0,0.0,0.0,0.0,,,0.0,0.0,,2.0,133.0,1.0,50.0,67.0
,Marquette King,27.0,OAK,P,16.0,0.0,0.0,0.0,0.0,0.0,0.0,0.0,0.0,0.0,0.0,0.0,0.0,0.0,,,0.0,0.0,,2.0,123.0,0.0,0.0,62.0
380723.0,Jeff Locke,26.0,MIN,P,16.0,0.0,0.0,0.0,0.0,0.0,0.0,0.0,0.0,0.0,0.0,0.0,0.0,0.0,,,0.0,0.0,,1.0,44.0,0.0,0.0,44.0
,Sam Martin,25.0,DET,P,16.0,0.0,0.0,0.0,0.0,0.0,0.0,0.0,0.0,0.0,0.0,0.0,0.0,0.0,,,0.0,0.0,,73.0,4603.0,40.0,54.8,63.0
178754.0,Tim Masthay,28.0,GNB,P,16.0,0.0,0.0,0.0,0.0,0.0,0.0,0.0,0.0,0.0,0.0,0.0,0.0,0.0,,,0.0,0.0,,1.0,56.0,0.0,0.0,56.0
174460.0,Pat McAfee,28.0,IND,P,16.0,0.0,0.0,0.0,0.0,0.0,0.0,0.0,0.0,0.0,0.0,0.0,0.0,0.0,,,0.0,0.0,,77.0,4832.0,67.0,87.0,63.0
170311.0,Thomas Morstead,29.0,NOR,P,14.0,0.0,0.0,0.0,0.0,0.0,0.0,0.0,0.0,0.0,0.0,0.0,0.0,0.0,,,0.0,0.0,,23.0,1455.0,16.0,69.6,63.0
381296.0,Brad Nortman,26.0,CAR,P,16.0,0.0,0.0,0.0,0.0,0.0,0.0,0.0,0.0,0.0,0.0,0.0,0.0,0.0,,,0.0,0.0,,1.0,51.0,0.0,0.0,51.0
534595.0,Bradley Pinion,21.0,SFO,P,16.0,0.0,0.0,0.0,0.0,0.0,0.0,0.0,0.0,0.0,0.0,0.0,0.0,0.0,,,0.0,0.0,,57.0,3707.0,38.0,66.7,65.0
378749.0,Ryan Quigley,25.0,NYJ,P,15.0,0.0,0.0,0.0,0.0,0.0,0.0,0.0,0.0,0.0,0.0,0.0,0.0,0.0,,,4.0,4.0,100.0,5.0,337.0,1.0,20.0,67.0
,Jon Ryan,34.0,SEA,P,16.0,0.0,0.0,0.0,0.0,0.0,0.0,0.0,0.0,0.0,0.0,0.0,0.0,0.0,,,0.0,0.0,,1.0,61.0,0.0,0.0,61.0
,Mike Scifres,35.0,SDG,P,16.0,0.0,0.0,0.0,0.0,0.0,0.0,0.0,0.0,0.0,0.0,0.0,0.0,0.0,,,0.0,0.0,,1.0,56.0,0.0,0.0,56.0
377859.0,Tress Way,25.0,WAS,P,16.0,0.0,0.0,0.0,0.0,0.0,0.0,0.0,0.0,0.0,0.0,0.0,0.0,0.0,,,0.0,0.0,,2.0,120.0,0.0,0.0,60.0
,Billy Cundiff,35.0,BUF,K,1.0,0.0,0.0,0.0,0.0,0.0,0.0,0.0,0.0,0.0,0.0,0.0,,,0.0,,0.0,0.0,,3.0,207.0,0.0,0.0,69.0
