Player ID,Player,Age,Team,Pos,G,GS,Tgt,Rec,Yds,Y/R,TD,1D,Succ%,Lng,R/G,Y/G,Ctch%,Y/Tgt,Fmb
,Antonio Brown,27.0,PIT,WR,16.0,16.0,193.0,136.0,1834.0,13.5,10.0,84.0,56.0,59.0,8.5,114.6,70.5,9.5,3.0
379062.0,Julio Jones,26.0,ATL,WR,16.0,16.0,203.0,136.0,1871.0,13.8,8.0,93.0,57.6,70.0,8.5,116.9,67.0,9.2,3.0
501689.0,DeAndre Hopkins,23.0,HOU,WR,16.0,16.0,192.0,111.0,1521.0,13.7,11.0,83.0,53.6,61.0,6.9,95.1,57.8,7.9,1.0
517229.0,Jarvis Landry,23.0,MIA,WR,16.0,14.0,166.0,110.0,1157.0,10.5,4.0,60.0,47.0,50.0,6.9,72.3,66.3,7.0,1.0
,Larry Fitzgerald,32.0,ARI,WR,16.0,16.0,145.0,109.0,1215.0,11.1,9.0,65.0,65.5,44.0,6.8,75.9,75.2,8.4,2.0
,Brandon Marshall,31.0,NYJ,WR,16.0,16.0,173.0,109.0,1502.0,13.8,14.0,76.0,57.2,69.0,6.8,93.9,63.0,8.7,3.0
189361.0,Demaryius Thomas,28.0,DEN,WR,16.0,16.0,177.0,105.0,1304.0,12.4,6.0,63.0,49.2,72.0,6.6,81.5,59.3,7.4,2.0
517215.0,Odell Beckham Jr.,23.0,NYG,WR,15.0,15.0,158.0,96.0,1450.0,15.1,13.0,68.0,53.2,87.0,6.4,96.7,60.8,9.2,2.0
,Delanie Walker,31.0,TEN,TE,15.0,10.0,133.0,94.0,1088.0,11.6,6.0,53.0,53.4,61.0,6.3,72.5,70.7,8.2,0.0
237421.0,Golden Tate,27.0,DET,WR,16.0,16.0,128.0,90.0,813.0,9.0,6.0,50.0,52.3,43.0,5.6,50.8,70.3,6.4,1.0
161197.0,Calvin Johnson,30.0,DET,WR,16.0,16.0,149.0,88.0,1214.0,13.8,9.0,66.0,53.7,57.0,5.5,75.9,59.1,8.1,1.0
191596.0,Jeremy Maclin,27.0,KAN,WR,15.0,15.0,124.0,87.0,1088.0,12.5,8.0,50.0,57.3,61.0,5.8,72.5,70.2,8.8,2.0
,Jordan Reed,25.0,WAS,TE,14.0,8.0,114.0,87.0,952.0,10.9,11.0,54.0,62.3,32.0,6.2,68.0,76.3,8.4,3.0
,A.J. Green,27.0,CIN,WR,16.0,16.0,132.0,86.0,1297.0,15.1,10.0,63.0,60.6,80.0,5.4,81.1,65.2,9.8,1.0
184845.0,Michael Crabtree,28.0,OAK,WR,16.0,15.0,146.0,85.0,922.0,10.8,9.0,47.0,47.3,38.0,5.3,57.6,58.2,6.3,1.0
,Jordan Matthews,23.0,PHI,WR,16.0,12.0,126.0,85.0,997.0,11.7,8.0,46.0,53.2,78.0,5.3,62.3,67.5,7.9,2.0
511476.0,Brandin Cooks,22.0,NOR,WR,16.0,12.0,129.0,84.0,1138.0,13.5,9.0,45.0,47.3,71.0,5.3,71.1,65.1,8.8,1.0
176126.0,Eric Decker,28.0,NYJ,WR,15.0,13.0,132.0,80.0,1027.0,12.8,12.0,60.0,53.8,35.0,5.3,68.5,60.6,7.8,1.0
483393.0,Theo Riddick,24.0,DET,RB,16.0,1.0,99.0,80.0,697.0,8.7,3.0,32.0,54.5,34.0,5.0,43.6,80.8,7.0,1.0
518204.0,Allen Robinson,22.0,JAX,WR,16.0,16.0,151.0,80.0,1400.0,17.5,14.0,61.0,49.7,90.0,5.0,87.5,53.0,9.3,0.0
,Danny Woodhead,30.0,SDG,RB,16.0,2.0,106.0,80.0,755.0,9.4,6.0,39.0,49.1,61.0,5.0,47.2,75.5,7.1,0.0
167395.0,Gary Barnidge,30.0,CLE,TE,16.0,13.0,125.0,79.0,1043.0,13.2,9.0,52.0,52.8,40.0,4.9,65.2,63.2,8.3,0.0
382886.0,Randall Cobb,25.0,GNB,WR,16.0,15.0,129.0,79.0,829.0,10.5,6.0,42.0,45.0,53.0,4.9,51.8,61.2,6.4,1.0
236934.0,Doug Baldwin,27.0,SEA,WR,16.0,16.0,103.0,78.0,1069.0,13.7,14.0,49.0,65.0,80.0,4.9,66.8,75.7,10.4,1.0
150326.0,Greg Olsen,30.0,CAR,TE,16.0,16.0,124.0,77.0,1104.0,14.3,7.0,52.0,53.2,52.0,4.8,69.0,62.1,8.9,1.0
,Jason Witten,33.0,DAL,TE,16.0,16.0,104.0,77.0,713.0,9.3,3.0,37.0,55.8,35.0,4.8,44.6,74.0,6.9,1.0
177359.0,Emmanuel Sanders,28.0,DEN,WR,15.0,15.0,136.0,76.0,1135.0,14.9,6.0,51.0,45.6,75.0,5.1,75.7,55.9,8.3,2.0
237347.0,Kamar Aiken,26.0,BAL,WR,16.0,14.0,127.0,75.0,944.0,12.6,5.0,55.0,52.0,48.0,4.7,59.0,59.1,7.4,1.0
482590.0,Zach Ertz,25.0,PHI,TE,15.0,7.0,112.0,75.0,853.0,11.4,2.0,40.0,51.8,60.0,5.0,56.9,67.0,7.6,1.0
,Mike Evans,22.0,TAM,WR,15.0,14.0,148.0,74.0,1206.0,16.3,3.0,63.0,48.0,68.0,4.9,80.4,50.0,8.1,1.0
,Ben Watson,35.0,NOR,TE,16.0,16.0,110.0,74.0,825.0,11.1,6.0,42.0,56.4,46.0,4.6,51.6,67.3,7.5,1.0
514134.0,Devonta Freeman,23.0,ATL,RB,15.0,13.0,97.0,73.0,578.0,7.9,3.0,21.0,52.6,44.0,4.9,38.5,75.3,6.0,3.0
534458.0,Amari Cooper,21.0,OAK,WR,16.0,15.0,130.0,72.0,1070.0,14.9,6.0,47.0,47.7,68.0,4.5,66.9,55.4,8.2,1.0
,Pierre Garcon,29.0,WAS,WR,16.0,16.0,111.0,72.0,777.0,10.8,6.0,44.0,54.1,39.0,4.5,48.6,64.9,7.0,0.0
232120.0,Rob Gronkowski,26.0,NWE,TE,15.0,15.0,120.0,72.0,1176.0,16.3,11.0,52.0,50.0,76.0,4.8,78.4,60.0,9.8,0.0
377964.0,Travis Kelce,26.0,KAN,TE,16.0,16.0,103.0,72.0,875.0,12.2,5.0,40.0,55.3,42.0,4.5,54.7,69.9,8.5,2.0
,Anquan Boldin,35.0,SFO,WR,14.0,13.0,111.0,69.0,789.0,11.4,4.0,36.0,46.8,51.0,4.9,56.4,62.2,7.1,1.0
384853.0,T.Y. Hilton,26.0,IND,WR,16.0,15.0,134.0,69.0,1124.0,16.3,5.0,50.0,45.5,87.0,4.3,70.3,51.5,8.4,1.0
511422.0,Willie Snead,23.0,NOR,WR,15.0,8.0,101.0,69.0,984.0,14.3,3.0,44.0,58.4,63.0,4.6,65.6,68.3,9.7,2.0
382156.0,Travis Benjamin,26.0,CLE,WR,16.0,15.0,125.0,68.0,966.0,14.2,5.0,38.0,45.6,61.0,4.3,60.4,54.4,7.7,3.0
501550.0,Keenan Allen,23.0,SDG,WR,8.0,8.0,89.0,67.0,725.0,10.8,4.0,34.0,62.9,38.0,8.4,90.6,75.3,8.1,1.0
160411.0,Danny Amendola,30.0,NWE,WR,14.0,7.0,87.0,65.0,648.0,10.0,3.0,32.0,57.5,41.0,4.6,46.3,74.7,7.4,1.0
167662.0,John Brown,25.0,ARI,WR,15.0,11.0,101.0,65.0,1003.0,15.4,7.0,49.0,56.4,68.0,4.3,66.9,64.4,9.9,1.0
,Marvin Jones,25.0,CIN,WR,16.0,13.0,103.0,65.0,816.0,12.6,4.0,34.0,52.4,47.0,4.1,51.0,63.1,7.9,0.0
501138.0,Allen Hurns,24.0,JAX,WR,15.0,15.0,105.0,64.0,1031.0,16.1,10.0,49.0,53.3,80.0,4.3,68.7,61.0,9.8,2.0
512013.0,Donte Moncrief,22.0,IND,WR,16.0,10.0,105.0,64.0,733.0,11.5,6.0,41.0,51.4,33.0,4.0,45.8,61.0,7.0,0.0
193061.0,Julian Edelman,29.0,NWE,WR,9.0,9.0,88.0,61.0,692.0,11.3,7.0,37.0,59.1,59.0,6.8,76.9,69.3,7.9,1.0
,Duke Johnson,22.0,CLE,RB,16.0,7.0,74.0,61.0,534.0,8.8,2.0,24.0,41.9,52.0,3.8,33.4,82.4,7.2,1.0
113718.0,Heath Miller,33.0,PIT,TE,15.0,15.0,81.0,60.0,535.0,8.9,2.0,30.0,58.0,27.0,4.0,35.7,74.1,6.6,0.0
512839.0,Sammy Watkins,22.0,BUF,WR,13.0,13.0,96.0,60.0,1047.0,17.5,9.0,41.0,55.2,63.0,4.6,80.5,62.5,10.9,0.0
517452.0,Jamison Crowder,22.0,WAS,WR,16.0,6.0,78.0,59.0,604.0,10.2,2.0,34.0,57.7,44.0,3.7,37.8,75.6,7.7,4.0
146708.0,Jacob Tamme,30.0,ATL,TE,15.0,8.0,81.0,59.0,657.0,11.1,1.0,31.0,59.3,41.0,3.9,43.8,72.8,8.1,0.0
238201.0,Shane Vereen,26.0,NYG,RB,16.0,0.0,81.0,59.0,494.0,8.4,4.0,22.0,44.4,37.0,3.7,30.9,72.8,6.1,1.0
517027.0,Richard Rodgers,23.0,GNB,TE,16.0,12.0,85.0,58.0,510.0,8.8,8.0,28.0,45.9,61.0,3.6,31.9,68.2,6.0,0.0
480208.0,Rueben Randle,24.0,NYG,WR,16.0,16.0,90.0,57.0,797.0,14.0,8.0,36.0,53.3,72.0,3.6,49.8,63.3,8.9,0.0
,Antonio Gates,35.0,SDG,TE,11.0,4.0,85.0,56.0,630.0,11.3,5.0,33.0,55.3,40.0,5.1,57.3,65.9,7.4,0.0
119948.0,Darren Sproles,32.0,PHI,RB,16.0,4.0,83.0,55.0,388.0,7.1,1.0,21.0,33.7,35.0,3.4,24.3,66.3,4.7,2.0
236965.0,Coby Fleener,27.0,IND,TE,16.0,11.0,84.0,54.0,491.0,9.1,3.0,23.0,46.4,57.0,3.4,30.7,64.3,5.8,0.0
483175.0,Alshon Jeffery,25.0,CHI,WR,9.0,8.0,94.0,54.0,807.0,14.9,4.0,43.0,51.1,50.0,6.0,89.7,57.4,8.6,1.0
177364.0,Martellus Bennett,28.0,CHI,TE,11.0,11.0,80.0,53.0,439.0,8.3,3.0,26.0,47.5,24.0,4.8,39.9,66.3,5.5,2.0
487982.0,Tavon Austin,25.0,STL,WR,16.0,15.0,87.0,52.0,473.0,9.1,5.0,21.0,35.6,66.0,3.3,29.6,59.8,5.4,3.0
380280.0,Cole Beasley,26.0,DAL,WR,16.0,3.0,75.0,52.0,536.0,10.3,5.0,31.0,52.0,30.0,3.3,33.5,69.3,7.1,2.0
534249.0,Stefon Diggs,22.0,MIN,WR,13.0,9.0,84.0,52.0,720.0,13.8,4.0,30.0,46.4,40.0,4.0,55.4,61.9,8.6,2.0
483387.0,Tyler Eifert,25.0,CIN,TE,13.0,12.0,74.0,52.0,615.0,11.8,13.0,38.0,66.2,31.0,4.0,47.3,70.3,8.3,0.0
379067.0,Michael Floyd,26.0,ARI,WR,15.0,6.0,89.0,52.0,849.0,16.3,6.0,40.0,52.8,60.0,3.5,56.6,58.4,9.5,0.0
158393.0,Terrance Williams,26.0,DAL,WR,16.0,13.0,93.0,52.0,840.0,16.2,3.0,36.0,51.6,42.0,3.3,52.5,55.9,9.0,0.0
237445.0,Charles Clay,26.0,BUF,TE,13.0,13.0,77.0,51.0,528.0,10.4,3.0,26.0,46.8,40.0,3.9,40.6,66.2,6.9,1.0
515181.0,Tyler Lockett,23.0,SEA,WR,16.0,8.0,69.0,51.0,664.0,13.0,6.0,31.0,66.7,49.0,3.2,41.5,73.9,9.6,2.0
482428.0,Charles Sims,25.0,TAM,RB,16.0,0.0,70.0,51.0,561.0,11.0,4.0,22.0,51.4,56.0,3.2,35.1,72.9,8.0,2.0
520581.0,Davante Adams,23.0,GNB,WR,13.0,12.0,94.0,50.0,483.0,9.7,1.0,20.0,45.7,40.0,3.8,37.2,53.2,5.1,0.0
512321.0,Martavis Bryant,24.0,PIT,WR,11.0,5.0,92.0,50.0,765.0,15.3,6.0,25.0,44.6,88.0,4.5,69.5,54.3,8.3,1.0
379061.0,Mark Ingram,26.0,NOR,RB,12.0,10.0,60.0,50.0,405.0,8.1,0.0,22.0,53.3,59.0,4.2,33.8,83.3,6.8,2.0
,James Jones,31.0,GNB,WR,16.0,15.0,99.0,50.0,890.0,17.8,8.0,40.0,46.5,65.0,3.1,55.6,50.5,9.0,1.0
500890.0,Giovani Bernard,24.0,CIN,RB,16.0,1.0,66.0,49.0,472.0,9.6,0.0,19.0,45.5,45.0,3.1,29.5,74.2,7.2,2.0
379413.0,Jermaine Kearse,25.0,SEA,WR,16.0,16.0,68.0,49.0,685.0,14.0,5.0,32.0,60.3,50.0,3.1,42.8,72.1,10.1,1.0
385438.0,Kyle Rudolph,26.0,MIN,TE,16.0,16.0,73.0,49.0,495.0,10.1,5.0,25.0,49.3,47.0,3.1,30.9,67.1,6.8,0.0
480882.0,Jimmy Graham,29.0,SEA,TE,11.0,11.0,74.0,48.0,605.0,12.6,2.0,29.0,54.1,45.0,4.4,55.0,64.9,8.2,0.0
516329.0,Eric Ebron,22.0,DET,TE,14.0,8.0,70.0,47.0,537.0,11.4,5.0,27.0,52.9,55.0,3.4,38.4,67.1,7.7,0.0
480248.0,Lamar Miller,24.0,MIA,RB,16.0,16.0,57.0,47.0,397.0,8.4,2.0,15.0,40.4,54.0,2.9,24.8,82.5,7.0,1.0
238691.0,Bilal Powell,27.0,NYJ,RB,11.0,2.0,63.0,47.0,388.0,8.3,2.0,21.0,39.7,25.0,4.3,35.3,74.6,6.2,2.0
,Nate Washington,32.0,HOU,WR,14.0,14.0,94.0,47.0,658.0,14.0,4.0,33.0,43.6,49.0,3.4,47.0,50.0,7.0,0.0
500234.0,Robert Woods,23.0,BUF,WR,14.0,9.0,80.0,47.0,552.0,11.7,3.0,27.0,52.5,37.0,3.4,39.4,58.8,6.9,2.0
113746.0,Owen Daniels,33.0,DEN,TE,16.0,16.0,77.0,46.0,517.0,11.2,3.0,27.0,50.6,37.0,2.9,32.3,59.7,6.7,0.0
173997.0,Brian Hartline,29.0,CLE,WR,12.0,4.0,77.0,46.0,523.0,11.4,2.0,30.0,49.4,41.0,3.8,43.6,59.7,6.8,1.0
,Steve Smith Sr.,36.0,BAL,WR,7.0,7.0,73.0,46.0,670.0,14.6,3.0,29.0,50.7,50.0,6.6,95.7,63.0,9.2,0.0
498228.0,Julius Thomas,27.0,JAX,TE,12.0,10.0,80.0,46.0,455.0,9.9,5.0,25.0,47.5,34.0,3.8,37.9,57.5,5.7,0.0
513339.0,Javorius Allen,24.0,BAL,RB,16.0,6.0,62.0,45.0,353.0,7.8,2.0,15.0,46.8,41.0,2.8,22.1,72.6,5.7,2.0
,Marques Colston,32.0,NOR,WR,13.0,5.0,67.0,45.0,520.0,11.6,4.0,26.0,55.2,53.0,3.5,40.0,67.2,7.8,0.0
188616.0,Stevie Johnson,29.0,SDG,WR,10.0,8.0,65.0,45.0,497.0,11.0,3.0,29.0,58.5,34.0,4.5,49.7,69.2,7.6,1.0
161747.0,Matt Forte,30.0,CHI,RB,13.0,13.0,58.0,44.0,389.0,8.8,3.0,17.0,50.0,38.0,3.4,29.9,75.9,6.7,2.0
156844.0,Ted Ginn Jr.,30.0,CAR,WR,15.0,13.0,97.0,44.0,739.0,16.8,10.0,36.0,42.3,74.0,2.9,49.3,45.4,7.6,0.0
188948.0,DeMarco Murray,27.0,PHI,RB,15.0,8.0,55.0,44.0,322.0,7.3,1.0,13.0,47.3,44.0,2.9,21.5,80.0,5.9,2.0
482558.0,Markus Wheaton,24.0,PIT,WR,16.0,8.0,79.0,44.0,749.0,17.0,5.0,32.0,51.9,72.0,2.8,46.8,55.7,9.5,0.0
501257.0,Rishard Matthews,26.0,MIA,WR,11.0,11.0,61.0,43.0,662.0,15.4,4.0,32.0,67.2,53.0,3.9,60.2,70.5,10.9,0.0
170697.0,James Starks,29.0,GNB,RB,16.0,4.0,53.0,43.0,392.0,9.1,3.0,17.0,54.7,30.0,2.7,24.5,81.1,7.4,5.0
132143.0,Roddy White,34.0,ATL,WR,16.0,16.0,70.0,43.0,506.0,11.8,1.0,27.0,50.0,25.0,2.7,31.6,61.4,7.2,0.0
,Cecil Shorts,28.0,HOU,WR,11.0,4.0,75.0,42.0,484.0,11.5,2.0,27.0,42.7,42.0,3.8,44.0,56.0,6.5,2.0
501099.0,Will Tye,24.0,NYG,TE,13.0,7.0,62.0,42.0,464.0,11.0,3.0,23.0,54.8,45.0,3.2,35.7,67.7,7.5,1.0
,Andre Johnson,34.0,IND,WR,16.0,14.0,77.0,41.0,503.0,12.3,4.0,32.0,45.5,35.0,2.6,31.4,53.2,6.5,0.0
,Kyle Juszczyk,24.0,BAL,RB,16.0,11.0,56.0,41.0,321.0,7.8,4.0,17.0,44.6,39.0,2.6,20.1,73.2,5.7,0.0
383847.0,Latavius Murray,25.0,OAK,RB,16.0,16.0,53.0,41.0,232.0,5.7,0.0,9.0,45.3,23.0,2.6,14.5,77.4,4.4,4.0
170928.0,Darren McFadden,28.0,DAL,RB,16.0,10.0,53.0,40.0,328.0,8.2,0.0,12.0,41.5,21.0,2.5,20.5,75.5,6.2,3.0
,James White,23.0,NWE,RB,14.0,1.0,54.0,40.0,410.0,10.3,4.0,19.0,51.9,68.0,2.9,29.3,74.1,7.6,0.0
133410.0,DeAngelo Williams,32.0,PIT,RB,16.0,10.0,47.0,40.0,367.0,9.2,0.0,15.0,51.1,34.0,2.5,22.9,85.1,7.8,4.0
102588.0,Jared Cook,28.0,STL,TE,16.0,12.0,75.0,39.0,481.0,12.3,0.0,19.0,37.3,49.0,2.4,30.1,52.0,6.4,2.0
,Jerricho Cotchery,33.0,CAR,WR,14.0,3.0,54.0,39.0,485.0,12.4,3.0,26.0,59.3,59.0,2.8,34.6,72.2,9.0,0.0
191224.0,Mike Wallace,29.0,MIN,WR,16.0,12.0,72.0,39.0,473.0,12.1,2.0,27.0,41.7,34.0,2.4,29.6,54.2,6.6,0.0
384896.0,Ladarius Green,25.0,SDG,TE,13.0,11.0,63.0,37.0,429.0,11.6,4.0,24.0,49.2,31.0,2.8,33.0,58.7,6.8,0.0
176392.0,Brandon LaFell,29.0,NWE,WR,11.0,7.0,74.0,37.0,515.0,13.9,0.0,22.0,37.8,54.0,3.4,46.8,50.0,7.0,0.0
156725.0,Eddie Royal,29.0,CHI,WR,9.0,9.0,50.0,37.0,238.0,6.4,1.0,9.0,36.0,30.0,4.1,26.4,74.0,4.8,0.0
191160.0,Kenny Britt,27.0,STL,WR,16.0,14.0,72.0,36.0,681.0,18.9,3.0,29.0,44.4,60.0,2.3,42.6,50.0,9.5,0.0
149854.0,Harry Douglas,31.0,TEN,WR,14.0,12.0,72.0,36.0,411.0,11.4,2.0,22.0,43.1,51.0,2.6,29.4,50.0,5.7,2.0
184622.0,Dwayne Harris,28.0,NYG,WR,15.0,6.0,57.0,36.0,396.0,11.0,4.0,20.0,49.1,38.0,2.4,26.4,63.2,6.9,3.0
,Chris Hogan,28.0,BUF,WR,16.0,4.0,59.0,36.0,450.0,12.5,2.0,18.0,40.7,46.0,2.3,28.1,61.0,7.6,0.0
482840.0,Dion Lewis,25.0,NWE,RB,7.0,6.0,50.0,36.0,388.0,10.8,2.0,17.0,56.0,40.0,5.1,55.4,72.0,7.8,2.0
379430.0,Kendall Wright,26.0,TEN,WR,10.0,9.0,60.0,36.0,408.0,11.3,3.0,21.0,46.7,52.0,3.6,40.8,60.0,6.8,0.0
534409.0,T.J. Yeldon,22.0,JAX,RB,12.0,12.0,46.0,36.0,279.0,7.8,1.0,15.0,50.0,67.0,3.0,23.3,78.3,6.1,0.0
236567.0,Jordan Cameron,27.0,MIA,TE,16.0,16.0,70.0,35.0,386.0,11.0,3.0,21.0,41.4,29.0,2.2,24.1,50.0,5.5,1.0
236790.0,Dontrelle Inman,26.0,SDG,WR,14.0,7.0,63.0,35.0,486.0,13.9,3.0,22.0,49.2,68.0,2.5,34.7,55.6,7.7,2.0
,Chris Thompson,25.0,WAS,RB,13.0,0.0,48.0,35.0,240.0,6.9,2.0,14.0,45.8,23.0,2.7,18.5,72.9,5.0,2.0
501428.0,Albert Wilson,23.0,KAN,WR,14.0,12.0,57.0,35.0,451.0,12.9,2.0,19.0,45.6,44.0,2.5,32.2,61.4,7.9,0.0
120142.0,Frank Gore,32.0,IND,RB,16.0,16.0,58.0,34.0,267.0,7.9,1.0,11.0,34.5,34.0,2.1,16.7,58.6,4.6,4.0
160314.0,Zach Miller,31.0,CHI,TE,15.0,14.0,46.0,34.0,439.0,12.9,5.0,17.0,65.2,87.0,2.3,29.3,73.9,9.5,0.0
192151.0,C.J. Spiller,28.0,NOR,RB,13.0,2.0,44.0,34.0,239.0,7.0,2.0,13.0,34.1,80.0,2.6,18.4,77.3,5.4,1.0
382643.0,Jarius Wright,26.0,MIN,WR,16.0,3.0,50.0,34.0,442.0,13.0,0.0,25.0,58.0,52.0,2.1,27.6,68.0,8.8,1.0
502878.0,Crockett Gillmore,24.0,BAL,TE,10.0,10.0,47.0,33.0,412.0,12.5,4.0,17.0,57.4,46.0,3.3,41.2,70.2,8.8,0.0
514218.0,Melvin Gordon,22.0,SDG,RB,14.0,12.0,37.0,33.0,192.0,5.8,0.0,8.0,48.6,18.0,2.4,13.7,89.2,5.2,6.0
,Vincent Jackson,32.0,TAM,WR,10.0,9.0,62.0,33.0,543.0,16.5,3.0,28.0,50.0,36.0,3.3,54.3,53.2,8.8,0.0
232567.0,Doug Martin,26.0,TAM,RB,16.0,16.0,44.0,33.0,271.0,8.2,1.0,10.0,45.5,25.0,2.1,16.9,75.0,6.2,5.0
483132.0,Mohamed Sanu,26.0,CIN,WR,16.0,4.0,49.0,33.0,394.0,11.9,0.0,17.0,49.0,52.0,2.1,24.6,67.3,8.0,2.0
236807.0,Torrey Smith,26.0,SFO,WR,16.0,12.0,62.0,33.0,663.0,20.1,4.0,23.0,46.8,76.0,2.1,41.4,53.2,10.7,0.0
531380.0,Dorial Green-Beckham,22.0,TEN,WR,16.0,5.0,67.0,32.0,549.0,17.2,4.0,30.0,47.8,47.0,2.0,34.3,47.8,8.2,0.0
,Fred Jackson,34.0,SEA,RB,16.0,0.0,41.0,32.0,257.0,8.0,2.0,12.0,58.5,26.0,2.0,16.1,78.0,6.3,1.0
235978.0,LeSean McCoy,27.0,BUF,RB,12.0,12.0,50.0,32.0,292.0,9.1,2.0,12.0,46.0,22.0,2.7,24.3,64.0,5.8,2.0
379316.0,Mychal Rivera,25.0,OAK,TE,16.0,0.0,46.0,32.0,280.0,8.8,1.0,13.0,45.7,29.0,2.0,17.5,69.6,6.1,2.0
,Seth Roberts,24.0,OAK,WR,16.0,5.0,55.0,32.0,480.0,15.0,5.0,21.0,49.1,43.0,2.0,30.0,58.2,8.7,0.0
,Bryan Walters,28.0,JAX,WR,11.0,1.0,45.0,32.0,368.0,11.5,1.0,22.0,55.6,31.0,2.9,33.5,71.1,8.2,0.0
530747.0,Maxx Williams,21.0,BAL,TE,14.0,7.0,48.0,32.0,268.0,8.4,1.0,16.0,50.0,28.0,2.3,19.1,66.7,5.6,1.0
,Corey Brown,24.0,CAR,WR,14.0,11.0,54.0,31.0,447.0,14.4,4.0,24.0,51.9,39.0,2.2,31.9,57.4,8.3,0.0
235655.0,Dez Bryant,27.0,DAL,WR,9.0,9.0,72.0,31.0,401.0,12.9,3.0,18.0,34.7,51.0,3.4,44.6,43.1,5.6,0.0
517998.0,Jeremy Butler,24.0,BAL,WR,8.0,0.0,44.0,31.0,363.0,11.7,0.0,17.0,52.3,41.0,3.9,45.4,70.5,8.3,1.0
163355.0,Justin Forsett,30.0,BAL,RB,10.0,10.0,41.0,31.0,153.0,4.9,0.0,4.0,31.7,32.0,3.1,15.3,75.6,3.7,0.0
535145.0,Devin Funchess,21.0,CAR,WR,16.0,5.0,63.0,31.0,473.0,15.3,5.0,24.0,47.6,52.0,1.9,29.6,49.2,7.5,1.0
191216.0,Dexter McCluster,26.0,TEN,WR,11.0,2.0,41.0,31.0,260.0,8.4,1.0,12.0,39.0,35.0,2.8,23.6,75.6,6.3,2.0
,Brandon Coleman,23.0,NOR,WR,16.0,4.0,49.0,30.0,454.0,15.1,2.0,22.0,55.1,31.0,1.9,28.4,61.2,9.3,0.0
,Malcom Floyd,34.0,SDG,WR,15.0,13.0,68.0,30.0,561.0,18.7,3.0,19.0,38.2,70.0,2.0,37.4,44.1,8.3,1.0
189077.0,Chris Ivory,27.0,NYJ,RB,15.0,14.0,37.0,30.0,217.0,7.2,1.0,10.0,51.4,36.0,2.0,14.5,81.1,5.9,4.0
174193.0,DeSean Jackson,29.0,WAS,WR,9.0,9.0,49.0,30.0,528.0,17.6,4.0,15.0,46.9,77.0,3.3,58.7,61.2,10.8,1.0
482477.0,Vance McDonald,25.0,SFO,TE,14.0,11.0,46.0,30.0,326.0,10.9,3.0,16.0,41.3,36.0,2.1,23.3,65.2,7.1,2.0
512774.0,Quinton Patton,25.0,SFO,WR,16.0,4.0,57.0,30.0,394.0,13.1,1.0,15.0,40.4,41.0,1.9,24.6,52.6,6.9,0.0
161717.0,Adrian Peterson,30.0,MIN,RB,16.0,16.0,36.0,30.0,222.0,7.4,0.0,9.0,41.7,49.0,1.9,13.9,83.3,6.2,7.0
184383.0,Marcel Reece,30.0,OAK,RB,15.0,7.0,37.0,30.0,269.0,9.0,3.0,12.0,54.1,55.0,2.0,17.9,81.1,7.3,0.0
238669.0,Larry Donnell,27.0,NYG,TE,8.0,8.0,41.0,29.0,223.0,7.7,2.0,13.0,53.7,22.0,3.6,27.9,70.7,5.4,0.0
163205.0,Rashad Jennings,30.0,NYG,RB,16.0,16.0,40.0,29.0,296.0,10.2,1.0,8.0,50.0,51.0,1.8,18.5,72.5,7.4,3.0
,Lance Moore,32.0,DET,WR,14.0,8.0,43.0,29.0,337.0,11.6,4.0,20.0,55.8,42.0,2.1,24.1,67.4,7.8,1.0
551387.0,Taylor Gabriel,24.0,CLE,WR,13.0,4.0,48.0,28.0,241.0,8.6,0.0,11.0,43.8,56.0,2.2,18.5,58.3,5.0,1.0
501147.0,Clive Walford,24.0,OAK,TE,16.0,2.0,50.0,28.0,329.0,11.8,3.0,20.0,40.0,33.0,1.8,20.6,56.0,6.6,0.0
504845.0,Marquess Wilson,23.0,CHI,WR,11.0,6.0,51.0,28.0,464.0,16.6,1.0,20.0,49.0,50.0,2.5,42.2,54.9,9.1,0.0
149871.0,Brent Celek,30.0,PHI,TE,16.0,13.0,35.0,27.0,398.0,14.7,3.0,21.0,71.4,60.0,1.7,24.9,77.1,11.4,1.0
166990.0,Andrew Hawkins,29.0,CLE,WR,8.0,8.0,43.0,27.0,276.0,10.2,0.0,11.0,46.5,25.0,3.4,34.5,62.8,6.4,1.0
504757.0,Josh Huff,24.0,PHI,WR,15.0,4.0,42.0,27.0,312.0,11.6,3.0,16.0,52.4,41.0,1.8,20.8,64.3,7.4,0.0
511206.0,Adam Humphries,22.0,TAM,WR,13.0,0.0,40.0,27.0,260.0,9.6,1.0,18.0,50.0,27.0,2.1,20.0,67.5,6.5,0.0
501915.0,Kenny Stills,23.0,MIA,WR,16.0,8.0,63.0,27.0,440.0,16.3,3.0,18.0,36.5,47.0,1.7,27.5,42.9,7.0,0.0
480588.0,Benny Cunningham,25.0,STL,RB,16.0,1.0,36.0,26.0,250.0,9.6,0.0,12.0,38.9,42.0,1.6,15.6,72.2,6.9,1.0
134719.0,Anthony Fasano,31.0,TEN,TE,16.0,11.0,42.0,26.0,289.0,11.1,2.0,16.0,54.8,33.0,1.6,18.1,61.9,6.9,0.0
380816.0,Jonathan Grimes,26.0,HOU,RB,14.0,0.0,31.0,26.0,173.0,6.7,1.0,8.0,41.9,19.0,1.9,12.4,83.9,5.6,0.0
236056.0,Leonard Hankerson,26.0,ATL,WR,8.0,0.0,46.0,26.0,327.0,12.6,3.0,19.0,52.2,55.0,3.3,40.9,56.5,7.1,0.0
511615.0,DeVante Parker,22.0,MIA,WR,14.0,4.0,50.0,26.0,494.0,19.0,3.0,20.0,42.0,49.0,1.9,35.3,52.0,9.9,0.0
514508.0,Ameer Abdullah,22.0,DET,RB,16.0,9.0,38.0,25.0,183.0,7.3,1.0,11.0,47.4,36.0,1.6,11.4,65.8,4.8,5.0
516996.0,C.J. Anderson,24.0,DEN,RB,15.0,6.0,36.0,25.0,183.0,7.3,0.0,6.0,25.0,27.0,1.7,12.2,69.4,5.1,2.0
188088.0,Lance Kendricks,27.0,STL,TE,15.0,12.0,36.0,25.0,245.0,9.8,2.0,11.0,55.6,37.0,1.7,16.3,69.4,6.8,0.0
503183.0,Le'Veon Bell,23.0,PIT,RB,6.0,6.0,26.0,24.0,136.0,5.7,0.0,4.0,34.6,20.0,4.0,22.7,92.3,5.2,0.0
504070.0,Javontee Herndon,24.0,SDG,WR,8.0,2.0,33.0,24.0,195.0,8.1,0.0,8.0,45.5,21.0,3.0,24.4,72.7,5.9,2.0
481156.0,Ronnie Hillman,24.0,DEN,RB,16.0,10.0,35.0,24.0,111.0,4.6,0.0,3.0,31.4,14.0,1.5,6.9,68.6,3.2,3.0
381922.0,Keshawn Martin,25.0,NWE,WR,9.0,8.0,37.0,24.0,269.0,11.2,2.0,14.0,51.4,39.0,2.7,29.9,64.9,7.3,1.0
531010.0,Nelson Agholor,22.0,PHI,WR,13.0,12.0,44.0,23.0,283.0,12.3,1.0,11.0,45.5,53.0,1.8,21.8,52.3,6.4,1.0
,Cameron Brate,24.0,TAM,TE,14.0,4.0,30.0,23.0,288.0,12.5,3.0,14.0,63.3,46.0,1.6,20.6,76.7,9.6,0.0
145994.0,Scott Chandler,30.0,NWE,TE,15.0,4.0,42.0,23.0,259.0,11.3,4.0,14.0,52.4,30.0,1.5,17.3,54.8,6.2,0.0
118923.0,Ryan Grant,25.0,WAS,WR,16.0,5.0,42.0,23.0,268.0,11.7,2.0,18.0,45.2,35.0,1.4,16.8,54.8,6.4,0.0
,Joique Bell,29.0,DET,RB,13.0,5.0,27.0,22.0,286.0,13.0,0.0,10.0,74.1,39.0,1.7,22.0,81.5,10.6,1.0
501848.0,Quincy Enunwa,23.0,NYJ,WR,12.0,6.0,46.0,22.0,315.0,14.3,0.0,10.0,41.3,48.0,1.8,26.3,47.8,6.8,0.0
161068.0,Arian Foster,29.0,HOU,RB,4.0,4.0,28.0,22.0,227.0,10.3,2.0,13.0,60.7,32.0,5.5,56.8,78.6,8.1,2.0
501520.0,Justin Hunter,24.0,TEN,WR,9.0,5.0,31.0,22.0,264.0,12.0,1.0,12.0,58.1,29.0,2.4,29.3,71.0,8.5,0.0
503202.0,Jeremy Langford,24.0,CHI,RB,16.0,2.0,42.0,22.0,279.0,12.7,1.0,9.0,35.7,83.0,1.4,17.4,52.4,6.6,0.0
,Marc Mariani,28.0,CHI,WR,16.0,5.0,33.0,22.0,300.0,13.6,0.0,19.0,60.6,26.0,1.4,18.8,66.7,9.1,3.0
,Jordan Norwood,29.0,DEN,WR,11.0,5.0,32.0,22.0,207.0,9.4,0.0,11.0,43.8,34.0,2.0,18.8,68.8,6.5,1.0
508524.0,Antonio Andrews,23.0,TEN,RB,14.0,10.0,29.0,21.0,174.0,8.3,0.0,8.0,41.4,23.0,1.5,12.4,72.4,6.0,1.0
175766.0,Jamaal Charles,29.0,KAN,RB,5.0,5.0,29.0,21.0,177.0,8.4,1.0,10.0,44.8,26.0,4.2,35.4,72.4,6.1,3.0
186575.0,Riley Cooper,28.0,PHI,WR,16.0,13.0,41.0,21.0,327.0,15.6,2.0,15.0,46.3,62.0,1.3,20.4,51.2,8.0,0.0
385054.0,Lance Dunbar,25.0,DAL,RB,4.0,0.0,23.0,21.0,215.0,10.2,0.0,9.0,60.9,39.0,5.3,53.8,91.3,9.3,0.0
,Darren Fells,29.0,ARI,TE,14.0,12.0,28.0,21.0,311.0,14.8,3.0,15.0,71.4,48.0,1.5,22.2,75.0,11.1,0.0
,Todd Gurley,21.0,STL,RB,13.0,12.0,26.0,21.0,188.0,9.0,0.0,9.0,46.2,31.0,1.6,14.5,80.8,7.2,3.0
505407.0,Justin Hardy,24.0,ATL,WR,9.0,1.0,36.0,21.0,194.0,9.2,0.0,11.0,41.7,23.0,2.3,21.6,58.3,5.4,0.0
169167.0,Darrius Heyward-Bey,28.0,PIT,WR,16.0,4.0,39.0,21.0,314.0,15.0,2.0,11.0,41.0,66.0,1.3,19.6,53.8,8.1,0.0
505844.0,Jerick McKinnon,23.0,MIN,RB,16.0,0.0,29.0,21.0,173.0,8.2,1.0,9.0,44.8,30.0,1.3,10.8,72.4,6.0,0.0
480237.0,Denard Robinson,25.0,JAX,WR,13.0,3.0,30.0,21.0,164.0,7.8,0.0,8.0,50.0,16.0,1.6,12.6,70.0,5.5,3.0
513064.0,Austin Seferian-Jenkins,23.0,TAM,TE,7.0,3.0,39.0,21.0,338.0,16.1,4.0,18.0,51.3,43.0,3.0,48.3,53.8,8.7,0.0
534462.0,Damien Williams,23.0,MIA,RB,16.0,0.0,28.0,21.0,142.0,6.8,1.0,6.0,39.3,23.0,1.3,8.9,75.0,5.1,2.0
382341.0,Ryan Griffin,25.0,HOU,TE,9.0,4.0,34.0,20.0,251.0,12.6,2.0,13.0,52.9,37.0,2.2,27.9,58.8,7.4,0.0
480263.0,Eddie Lacy,25.0,GNB,RB,15.0,12.0,28.0,20.0,188.0,9.4,2.0,7.0,46.4,28.0,1.3,12.5,71.4,6.7,4.0
241397.0,Ryan Mathews,28.0,PHI,RB,13.0,6.0,28.0,20.0,146.0,7.3,1.0,6.0,39.3,23.0,1.5,11.2,71.4,5.2,3.0
551404.0,Charcandrick West,24.0,KAN,RB,15.0,9.0,34.0,20.0,214.0,10.7,1.0,6.0,32.4,80.0,1.3,14.3,58.8,6.3,1.0
233017.0,Matt Asiata,28.0,MIN,RB,16.0,0.0,22.0,19.0,132.0,6.9,0.0,5.0,31.8,22.0,1.2,8.3,86.4,6.0,0.0
500361.0,Josh Bellamy,26.0,CHI,WR,16.0,3.0,34.0,19.0,224.0,11.8,2.0,8.0,35.3,48.0,1.2,14.0,55.9,6.6,0.0
382707.0,Brandon Bolden,25.0,NWE,RB,15.0,2.0,30.0,19.0,180.0,9.5,2.0,8.0,30.0,63.0,1.3,12.0,63.3,6.0,0.0
238798.0,Garrett Celek,27.0,SFO,TE,11.0,8.0,28.0,19.0,186.0,9.8,3.0,10.0,57.1,33.0,1.7,16.9,67.9,6.6,0.0
,Isaiah Crowell,22.0,CLE,RB,16.0,9.0,22.0,19.0,182.0,9.6,1.0,6.0,54.5,53.0,1.2,11.4,86.4,8.3,0.0
,Rashad Greene,23.0,JAX,WR,9.0,0.0,35.0,19.0,93.0,4.9,2.0,9.0,37.1,18.0,2.1,10.3,54.3,2.7,1.0
186580.0,Percy Harvin,27.0,BUF,WR,5.0,5.0,30.0,19.0,218.0,11.5,1.0,10.0,40.0,51.0,3.8,43.6,63.3,7.3,1.0
115461.0,Greg Jennings,32.0,MIA,WR,16.0,5.0,36.0,19.0,208.0,10.9,1.0,7.0,38.9,31.0,1.2,13.0,52.8,5.8,0.0
,Matt Jones,22.0,WAS,RB,13.0,0.0,25.0,19.0,304.0,16.0,1.0,10.0,60.0,78.0,1.5,23.4,76.0,12.2,5.0
380494.0,Griff Whalen,25.0,IND,WR,14.0,0.0,26.0,19.0,205.0,10.8,1.0,11.0,61.5,38.0,1.4,14.6,73.1,7.9,4.0
511854.0,Nick Boyle,22.0,BAL,TE,11.0,2.0,23.0,18.0,153.0,8.5,0.0,10.0,56.5,25.0,1.6,13.9,78.3,6.7,0.0
517570.0,Phillip Dorsett,22.0,IND,WR,11.0,0.0,39.0,18.0,225.0,12.5,1.0,10.0,33.3,35.0,1.6,20.5,46.2,5.8,2.0
188942.0,Jermaine Gresham,27.0,ARI,TE,15.0,12.0,32.0,18.0,223.0,12.4,1.0,13.0,53.1,22.0,1.2,14.9,56.3,7.0,0.0
511828.0,Tre Mason,22.0,STL,RB,13.0,3.0,25.0,18.0,88.0,4.9,0.0,5.0,24.0,16.0,1.4,6.8,72.0,3.5,3.0
481715.0,Dion Sims,24.0,MIA,TE,13.0,4.0,25.0,18.0,127.0,7.1,1.0,7.0,48.0,22.0,1.4,9.8,72.0,5.1,1.0
,Mike Tolbert,30.0,CAR,RB,16.0,3.0,23.0,18.0,154.0,8.6,3.0,8.0,60.9,40.0,1.1,9.6,78.3,6.7,0.0
,Derek Carrier,25.0,WAS,TE,12.0,12.0,22.0,17.0,141.0,8.3,1.0,4.0,59.1,20.0,1.4,11.8,77.3,6.4,0.0
513146.0,Chris Conley,23.0,KAN,WR,16.0,5.0,31.0,17.0,199.0,11.7,1.0,12.0,51.6,44.0,1.1,12.4,54.8,6.4,0.0
173396.0,Ed Dickson,28.0,CAR,TE,16.0,11.0,26.0,17.0,121.0,7.1,2.0,10.0,46.2,17.0,1.1,7.6,65.4,4.7,0.0
500825.0,C.J. Fiedorowicz,24.0,HOU,TE,16.0,14.0,24.0,17.0,167.0,9.8,1.0,8.0,58.3,25.0,1.1,10.4,70.8,7.0,1.0
,Khiry Robinson,26.0,NOR,RB,8.0,0.0,20.0,17.0,115.0,6.8,0.0,4.0,45.0,22.0,2.1,14.4,85.0,5.8,0.0
511464.0,De'Anthony Thomas,22.0,KAN,RB,10.0,1.0,25.0,17.0,140.0,8.2,1.0,6.0,28.0,36.0,1.7,14.0,68.0,5.6,2.0
502349.0,Kenbrell Thompkins,27.0,NYJ,WR,7.0,2.0,33.0,17.0,165.0,9.7,0.0,7.0,30.3,43.0,2.4,23.6,51.5,5.0,0.0
,Nick Williams,25.0,ATL,WR,14.0,0.0,25.0,17.0,159.0,9.4,2.0,11.0,52.0,29.0,1.2,11.4,68.0,6.4,0.0
383454.0,Luke Willson,25.0,SEA,TE,14.0,7.0,26.0,17.0,213.0,12.5,1.0,11.0,53.8,24.0,1.2,15.2,65.4,8.2,0.0
381462.0,Dwayne Allen,25.0,IND,TE,13.0,12.0,29.0,16.0,109.0,6.8,1.0,4.0,48.3,21.0,1.2,8.4,55.2,3.8,0.0
,Bennie Fowler,24.0,DEN,WR,16.0,1.0,25.0,16.0,203.0,12.7,0.0,11.0,48.0,41.0,1.0,12.7,64.0,8.1,0.0
,Josh Hill,25.0,NOR,TE,16.0,7.0,30.0,16.0,120.0,7.5,2.0,8.0,46.7,19.0,1.0,7.5,53.3,4.0,0.0
237345.0,Jeremy Kerley,27.0,NYJ,WR,16.0,1.0,26.0,16.0,152.0,9.5,2.0,7.0,38.5,25.0,1.0,9.5,61.5,5.8,1.0
137177.0,Marcedes Lewis,31.0,JAX,TE,16.0,16.0,37.0,16.0,226.0,14.1,0.0,8.0,40.5,45.0,1.0,14.1,43.2,6.1,0.0
379206.0,Chris Polk,26.0,HOU,RB,15.0,2.0,28.0,16.0,109.0,6.8,1.0,5.0,35.7,12.0,1.1,7.3,57.1,3.9,0.0
173412.0,Jonathan Stewart,28.0,CAR,RB,13.0,13.0,21.0,16.0,99.0,6.2,1.0,5.0,57.1,15.0,1.2,7.6,76.2,4.7,3.0
133755.0,Jason Avant,32.0,KAN,WR,16.0,1.0,24.0,15.0,119.0,7.9,0.0,5.0,54.2,20.0,0.9,7.4,62.5,5.0,0.0
501882.0,Blake Bell,24.0,SFO,TE,14.0,5.0,25.0,15.0,186.0,12.4,0.0,5.0,24.0,48.0,1.1,13.3,60.0,7.4,0.0
504163.0,Alfred Blue,24.0,HOU,RB,16.0,9.0,16.0,15.0,109.0,7.3,1.0,2.0,62.5,21.0,0.9,6.8,93.8,6.8,2.0
381445.0,Andre Ellington,26.0,ARI,RB,10.0,2.0,24.0,15.0,148.0,9.9,0.0,8.0,54.2,32.0,1.5,14.8,62.5,6.2,1.0
382060.0,Jeremy Hill,23.0,CIN,RB,16.0,15.0,19.0,15.0,79.0,5.3,1.0,6.0,36.8,14.0,0.9,4.9,78.9,4.2,3.0
513334.0,Marqise Lee,24.0,JAX,WR,10.0,1.0,32.0,15.0,191.0,12.7,1.0,11.0,43.8,30.0,1.5,19.1,46.9,6.0,0.0
516363.0,Ty Montgomery,22.0,GNB,WR,6.0,3.0,19.0,15.0,136.0,9.1,2.0,6.0,63.2,31.0,2.5,22.7,78.9,7.2,0.0
,Marlon Brown,24.0,BAL,WR,10.0,2.0,30.0,14.0,112.0,8.0,0.0,4.0,30.0,22.0,1.4,11.2,46.7,3.7,0.0
172436.0,Clay Harbor,28.0,JAX,TE,15.0,3.0,20.0,14.0,149.0,10.6,1.0,9.0,60.0,26.0,0.9,9.9,70.0,7.5,0.0
,Andre Holmes,27.0,OAK,WR,16.0,1.0,33.0,14.0,201.0,14.4,4.0,9.0,39.4,49.0,0.9,12.6,42.4,6.1,0.0
511362.0,Darius Jennings,23.0,CLE,WR,4.0,1.0,21.0,14.0,117.0,8.4,0.0,7.0,57.1,16.0,3.5,29.3,66.7,5.6,1.0
503206.0,Keith Mumphery,23.0,HOU,WR,16.0,3.0,32.0,14.0,129.0,9.2,0.0,5.0,37.5,26.0,0.9,8.1,43.8,4.0,3.0
513063.0,Bishop Sankey,23.0,TEN,RB,13.0,3.0,22.0,14.0,139.0,9.9,1.0,8.0,45.5,30.0,1.1,10.7,63.6,6.3,2.0
546465.0,Jaelen Strong,21.0,HOU,WR,10.0,1.0,24.0,14.0,161.0,11.5,3.0,9.0,50.0,42.0,1.4,16.1,58.3,6.7,0.0
,Miles Austin,31.0,PHI,WR,11.0,1.0,31.0,13.0,224.0,17.2,1.0,9.0,41.9,39.0,1.2,20.4,41.9,7.2,0.0
243368.0,Patrick DiMarco,26.0,ATL,RB,16.0,8.0,17.0,13.0,110.0,8.5,2.0,9.0,70.6,19.0,0.8,6.9,76.5,6.5,0.0
483949.0,Aaron Dobson,24.0,NWE,WR,8.0,3.0,21.0,13.0,141.0,10.8,0.0,9.0,57.1,24.0,1.6,17.6,61.9,6.7,0.0
515826.0,Bruce Ellington,24.0,SFO,WR,13.0,0.0,19.0,13.0,153.0,11.8,0.0,4.0,31.6,44.0,1.0,11.8,68.4,8.1,3.0
501058.0,Cooper Helfet,26.0,SEA,TE,14.0,2.0,22.0,13.0,130.0,10.0,0.0,7.0,45.5,20.0,0.9,9.3,59.1,5.9,0.0
163361.0,Marshawn Lynch,29.0,SEA,RB,7.0,6.0,21.0,13.0,80.0,6.2,0.0,5.0,28.6,19.0,1.9,11.4,61.9,3.8,0.0
515796.0,Bradley Marquez,23.0,STL,WR,16.0,1.0,22.0,13.0,88.0,6.8,0.0,3.0,27.3,14.0,0.8,5.5,59.1,4.0,0.0
482259.0,Branden Oliver,24.0,SDG,RB,8.0,1.0,15.0,13.0,112.0,8.6,0.0,5.0,66.7,17.0,1.6,14.0,86.7,7.5,0.0
,Wes Welker,34.0,STL,WR,8.0,0.0,22.0,13.0,102.0,7.8,0.0,5.0,40.9,14.0,1.6,12.8,59.1,4.6,0.0
487983.0,Stedman Bailey,25.0,STL,WR,8.0,3.0,25.0,12.0,182.0,15.2,1.0,7.0,28.0,68.0,1.5,22.8,48.0,7.3,0.0
379396.0,Brice Butler,25.0,DAL,WR,7.0,2.0,26.0,12.0,258.0,21.5,0.0,10.0,46.2,67.0,1.7,36.9,46.2,9.9,0.0
474860.0,Jack Doyle,25.0,IND,TE,16.0,2.0,14.0,12.0,72.0,6.0,1.0,6.0,64.3,19.0,0.8,4.5,85.7,5.1,0.0
382629.0,Chris Gragg,25.0,BUF,TE,13.0,4.0,20.0,12.0,150.0,12.5,0.0,8.0,50.0,29.0,0.9,11.5,60.0,7.5,0.0
183565.0,Virgil Green,27.0,DEN,TE,16.0,5.0,15.0,12.0,173.0,14.4,1.0,10.0,80.0,32.0,0.8,10.8,80.0,11.5,0.0
159679.0,Tim Hightower,29.0,NOR,RB,8.0,3.0,13.0,12.0,129.0,10.8,0.0,7.0,53.8,27.0,1.5,16.1,92.3,9.9,0.0
,Brandon Myers,30.0,TAM,TE,11.0,6.0,17.0,12.0,127.0,10.6,0.0,7.0,47.1,17.0,1.1,11.5,70.6,7.5,0.0
170128.0,Lee Smith,28.0,OAK,TE,15.0,15.0,13.0,12.0,70.0,5.8,1.0,4.0,53.8,17.0,0.8,4.7,92.3,5.4,0.0
144998.0,Craig Stevens,31.0,TEN,TE,16.0,11.0,16.0,12.0,121.0,10.1,2.0,5.0,50.0,27.0,0.8,7.6,75.0,7.6,0.0
,Adam Thielen,25.0,MIN,WR,16.0,2.0,18.0,12.0,144.0,12.0,0.0,5.0,38.9,30.0,0.8,9.0,66.7,8.0,0.0
232197.0,Fozzy Whittaker,26.0,CAR,RB,15.0,1.0,15.0,12.0,64.0,5.3,0.0,2.0,46.7,15.0,0.8,4.3,80.0,4.3,0.0
381461.0,Jaron Brown,25.0,ARI,WR,16.0,0.0,23.0,11.0,144.0,13.1,1.0,8.0,39.1,39.0,0.7,9.0,47.8,6.3,0.0
,Donteea Dye,22.0,TAM,WR,10.0,5.0,30.0,11.0,132.0,12.0,1.0,8.0,30.0,44.0,1.1,13.2,36.7,4.4,1.0
236576.0,Rhett Ellison,27.0,MIN,TE,15.0,9.0,19.0,11.0,124.0,11.3,1.0,5.0,42.1,41.0,0.7,8.3,57.9,6.5,0.0
189236.0,Michael Hoomanawanui,27.0,NOR,TE,12.0,8.0,16.0,11.0,76.0,6.9,3.0,4.0,43.8,19.0,0.9,6.3,68.8,4.8,1.0
503303.0,Carlos Hyde,25.0,SFO,RB,7.0,7.0,15.0,11.0,53.0,4.8,0.0,4.0,33.3,11.0,1.6,7.6,73.3,3.5,1.0
518366.0,Tyler Kroft,23.0,CIN,TE,16.0,6.0,15.0,11.0,129.0,11.7,1.0,6.0,46.7,22.0,0.7,8.1,73.3,8.6,0.0
381075.0,Cameron Meredith,23.0,CHI,WR,11.0,0.0,16.0,11.0,120.0,10.9,0.0,5.0,37.5,22.0,1.0,10.9,68.8,7.5,0.0
,JJ Nelson,23.0,ARI,WR,11.0,2.0,27.0,11.0,299.0,27.2,2.0,11.0,40.7,64.0,1.0,27.2,40.7,11.1,1.0
483874.0,Justin Perillo,24.0,GNB,TE,9.0,0.0,13.0,11.0,102.0,9.3,1.0,5.0,69.2,24.0,1.2,11.3,84.6,7.8,0.0
186392.0,Andre Roberts,27.0,WAS,WR,9.0,0.0,21.0,11.0,135.0,12.3,0.0,5.0,38.1,38.0,1.2,15.0,52.4,6.4,0.0
517390.0,Karlos Williams,22.0,BUF,RB,11.0,3.0,14.0,11.0,96.0,8.7,2.0,3.0,42.9,26.0,1.0,8.7,78.6,6.9,2.0
,Ahmad Bradshaw,29.0,IND,RB,6.0,0.0,14.0,10.0,64.0,6.4,3.0,5.0,57.1,10.0,1.7,10.7,71.4,4.6,0.0
481556.0,Rex Burkhead,25.0,CIN,RB,16.0,0.0,15.0,10.0,94.0,9.4,1.0,4.0,46.7,27.0,0.6,5.9,66.7,6.3,1.0
,Andre Caldwell,30.0,DEN,WR,14.0,0.0,22.0,10.0,72.0,7.2,2.0,4.0,31.8,24.0,0.7,5.1,45.5,3.3,0.0
,T.J. Jones,23.0,DET,WR,10.0,0.0,18.0,10.0,132.0,13.2,1.0,5.0,44.4,29.0,1.0,13.2,55.6,7.3,2.0
,Bruce Miller,28.0,SFO,RB,16.0,5.0,14.0,10.0,135.0,13.5,0.0,5.0,64.3,52.0,0.6,8.4,71.4,9.6,0.0
232857.0,Alfred Morris,27.0,WAS,RB,16.0,16.0,13.0,10.0,55.0,5.5,0.0,2.0,38.5,12.0,0.6,3.4,76.9,4.2,0.0
173454.0,Louis Murphy,28.0,TAM,WR,6.0,1.0,18.0,10.0,198.0,19.8,0.0,6.0,50.0,54.0,1.7,33.0,55.6,11.0,0.0
,John Phillips,28.0,SDG,TE,16.0,5.0,11.0,10.0,69.0,6.9,1.0,6.0,90.9,15.0,0.6,4.3,90.9,6.3,0.0
499085.0,MyCole Pruitt,23.0,MIN,TE,16.0,3.0,16.0,10.0,89.0,8.9,0.0,3.0,37.5,32.0,0.6,5.6,62.5,5.6,0.0
234141.0,Brian Quick,26.0,STL,WR,13.0,2.0,32.0,10.0,102.0,10.2,0.0,5.0,21.9,37.0,0.8,7.8,31.3,3.2,0.0
501595.0,Joseph Randle,24.0,DAL,RB,6.0,6.0,10.0,10.0,86.0,8.6,0.0,6.0,80.0,25.0,1.7,14.3,100.0,8.6,1.0
482381.0,Jared Abbrederis,25.0,GNB,WR,10.0,0.0,16.0,9.0,111.0,12.3,0.0,5.0,43.8,32.0,0.9,11.1,56.3,6.9,1.0
379309.0,Kenjon Barner,26.0,PHI,RB,10.0,0.0,12.0,9.0,22.0,2.4,0.0,1.0,33.3,12.0,0.9,2.2,75.0,1.8,1.0
380549.0,Brenton Bersin,25.0,CAR,WR,9.0,2.0,11.0,9.0,119.0,13.2,0.0,5.0,72.7,30.0,1.0,13.2,81.8,10.8,1.0
377838.0,James Hanna,26.0,DAL,TE,14.0,7.0,14.0,9.0,79.0,8.8,0.0,4.0,28.6,17.0,0.6,5.6,64.3,5.6,0.0
,Roy Helu,27.0,OAK,RB,9.0,0.0,16.0,9.0,75.0,8.3,1.0,6.0,43.8,15.0,1.0,8.3,56.3,4.7,0.0
,Charles Johnson,26.0,MIN,WR,11.0,4.0,13.0,9.0,127.0,14.1,0.0,5.0,53.8,35.0,0.8,11.5,69.2,9.8,0.0
505245.0,Jamize Olawale,26.0,OAK,FB,14.0,3.0,11.0,9.0,84.0,9.3,0.0,5.0,63.6,15.0,0.6,6.0,81.8,7.6,0.0
511699.0,Thomas Rawls,22.0,SEA,RB,13.0,7.0,11.0,9.0,76.0,8.4,1.0,2.0,45.5,31.0,0.7,5.8,81.8,6.9,1.0
188428.0,Jeremy Ross,27.0,BAL,WR,5.0,0.0,14.0,9.0,88.0,9.8,0.0,4.0,57.1,18.0,1.8,17.6,64.3,6.3,2.0
,Devin Smith,23.0,NYJ,WR,10.0,3.0,28.0,9.0,115.0,12.8,1.0,5.0,32.1,22.0,0.9,11.5,32.1,4.1,1.0
483439.0,Zac Stacy,24.0,NYJ,RB,8.0,0.0,12.0,9.0,65.0,7.2,0.0,4.0,41.7,16.0,1.1,8.1,75.0,5.4,0.0
189985.0,Luke Stocker,27.0,TAM,TE,14.0,13.0,13.0,9.0,61.0,6.8,1.0,3.0,46.2,14.0,0.6,4.4,69.2,4.7,0.0
517264.0,Terron Ward,23.0,ATL,RB,13.0,0.0,13.0,9.0,73.0,8.1,0.0,0.0,23.1,18.0,0.7,5.6,69.2,5.6,0.0
148675.0,Tim Wright,25.0,DET,TE,9.0,1.0,16.0,9.0,77.0,8.6,2.0,6.0,43.8,26.0,1.0,8.6,56.3,4.8,0.0
174065.0,Donald Brown,28.0,SDG,RB,10.0,2.0,13.0,8.0,88.0,11.0,0.0,2.0,46.2,31.0,0.8,8.8,61.5,6.8,1.0
,Jerome Cunningham,24.0,NYG,TE,9.0,3.0,16.0,8.0,59.0,7.4,0.0,4.0,37.5,16.0,0.9,6.6,50.0,3.7,0.0
481181.0,Gavin Escobar,24.0,DAL,TE,14.0,4.0,13.0,8.0,64.0,8.0,1.0,5.0,38.5,22.0,0.6,4.6,61.5,4.9,1.0
484618.0,Kendall Gaskins,25.0,SFO,RB,9.0,0.0,10.0,8.0,69.0,8.6,0.0,3.0,60.0,16.0,0.9,7.7,80.0,6.9,0.0
482589.0,Ryan Hewitt,24.0,CIN,TE,15.0,12.0,12.0,8.0,99.0,12.4,0.0,3.0,66.7,22.0,0.5,6.6,66.7,8.3,0.0
535598.0,Jesse James,21.0,PIT,TE,8.0,2.0,11.0,8.0,56.0,7.0,1.0,2.0,54.5,20.0,1.0,7.0,72.7,5.1,0.0
516993.0,Rashad Ross,25.0,WAS,WR,13.0,0.0,13.0,8.0,184.0,23.0,1.0,5.0,46.2,71.0,0.6,14.2,61.5,14.2,0.0
517330.0,Jay Ajayi,22.0,MIA,RB,9.0,0.0,11.0,7.0,90.0,12.9,0.0,5.0,54.5,20.0,0.8,10.0,63.6,8.2,0.0
,Mike Davis,22.0,SFO,RB,6.0,0.0,13.0,7.0,38.0,5.4,0.0,2.0,30.8,11.0,1.2,6.3,53.8,2.9,0.0
,Demetrius Harris,24.0,KAN,TE,16.0,9.0,11.0,7.0,74.0,10.6,1.0,2.0,45.5,25.0,0.4,4.6,63.6,6.7,0.0
233336.0,Taiwan Jones,27.0,OAK,RB,12.0,0.0,9.0,7.0,106.0,15.1,1.0,4.0,66.7,59.0,0.6,8.8,77.8,11.8,2.0
,Marlon Moore,28.0,CLE,WR,14.0,2.0,10.0,7.0,81.0,11.6,1.0,6.0,60.0,20.0,0.5,5.8,70.0,8.1,0.0
183652.0,Hakeem Nicks,27.0,NYG,WR,6.0,2.0,14.0,7.0,54.0,7.7,0.0,2.0,42.9,19.0,1.2,9.0,50.0,3.9,0.0
158483.0,Brandon Pettigrew,30.0,DET,TE,8.0,8.0,15.0,7.0,67.0,9.6,1.0,4.0,40.0,21.0,0.9,8.4,46.7,4.5,0.0
482855.0,Devin Street,24.0,DAL,WR,15.0,2.0,13.0,7.0,114.0,16.3,1.0,6.0,53.8,25.0,0.5,7.6,53.8,8.8,1.0
482565.0,Levine Toilolo,24.0,ATL,TE,16.0,15.0,12.0,7.0,44.0,6.3,0.0,3.0,50.0,11.0,0.4,2.8,58.3,3.7,0.0
,Myles White,25.0,NYG,WR,12.0,0.0,20.0,7.0,88.0,12.6,1.0,4.0,25.0,28.0,0.6,7.3,35.0,4.4,0.0
378483.0,LeGarrette Blount,29.0,NWE,RB,12.0,6.0,7.0,6.0,43.0,7.2,1.0,3.0,42.9,14.0,0.5,3.6,85.7,6.1,1.0
,Daniel Brown,23.0,BAL,WR,6.0,1.0,11.0,6.0,64.0,10.7,0.0,4.0,45.5,31.0,1.0,10.7,54.5,5.8,0.0
135668.0,Michael Burton,23.0,DET,TE,16.0,7.0,6.0,6.0,39.0,6.5,1.0,3.0,83.3,12.0,0.4,2.4,100.0,6.5,0.0
,Anthony Dixon,28.0,BUF,RB,16.0,1.0,7.0,6.0,44.0,7.3,0.0,1.0,42.9,14.0,0.4,2.8,85.7,6.3,0.0
176279.0,Jim Dray,28.0,CLE,TE,16.0,10.0,16.0,6.0,61.0,10.2,0.0,3.0,31.3,18.0,0.4,3.8,37.5,3.8,0.0
131426.0,Daniel Fells,32.0,NYG,TE,2.0,1.0,7.0,6.0,60.0,10.0,0.0,4.0,71.4,23.0,3.0,30.0,85.7,8.6,0.0
480255.0,Mike Gillislee,25.0,BUF,RB,5.0,1.0,7.0,6.0,29.0,4.8,0.0,2.0,28.6,14.0,1.2,5.8,85.7,4.1,1.0
,Jarryd Hayne,27.0,SFO,RB,8.0,1.0,7.0,6.0,27.0,4.5,0.0,2.0,42.9,7.0,0.8,3.4,85.7,3.9,3.0
514194.0,Akeem Hunt,22.0,HOU,RB,7.0,1.0,10.0,6.0,39.0,6.5,0.0,2.0,20.0,27.0,0.9,5.6,60.0,3.9,0.0
,Chris Johnson,30.0,ARI,RB,11.0,9.0,13.0,6.0,58.0,9.7,0.0,1.0,23.1,40.0,0.5,5.3,46.2,4.5,2.0
,John Kuhn,33.0,GNB,RB,16.0,6.0,10.0,6.0,56.0,9.3,0.0,3.0,40.0,19.0,0.4,3.5,60.0,5.6,0.0
513025.0,Cody Latimer,23.0,DEN,WR,14.0,1.0,11.0,6.0,59.0,9.8,1.0,4.0,45.5,15.0,0.4,4.2,54.5,5.4,0.0
380301.0,Zach Line,25.0,MIN,RB,16.0,5.0,9.0,6.0,95.0,15.8,1.0,4.0,55.6,49.0,0.4,5.9,66.7,10.6,0.0
498928.0,James O'Shaughnessy,23.0,KAN,TE,7.0,3.0,9.0,6.0,87.0,14.5,0.0,4.0,55.6,30.0,0.9,12.4,66.7,9.7,0.0
380479.0,Chris Owusu,25.0,NYJ,WR,3.0,2.0,13.0,6.0,80.0,13.3,0.0,2.0,30.8,43.0,2.0,26.7,46.2,6.2,0.0
,Josh Robinson,23.0,IND,RB,5.0,0.0,6.0,6.0,33.0,5.5,0.0,2.0,83.3,9.0,1.2,6.6,100.0,5.5,1.0
501071.0,Juwan Thompson,23.0,DEN,RB,15.0,1.0,9.0,6.0,51.0,8.5,0.0,1.0,33.3,16.0,0.4,3.4,66.7,5.7,0.0
504167.0,Spencer Ware,24.0,KAN,RB,11.0,2.0,6.0,6.0,5.0,0.8,0.0,0.0,0.0,5.0,0.5,0.5,100.0,0.8,0.0
550871.0,Lucky Whitehead,23.0,DAL,WR,15.0,1.0,8.0,6.0,16.0,2.7,0.0,1.0,25.0,8.0,0.4,1.1,75.0,2.0,1.0
172066.0,Darrel Young,28.0,WAS,LB,16.0,3.0,6.0,6.0,22.0,3.7,0.0,0.0,66.7,8.0,0.4,1.4,100.0,3.7,1.0
546383.0,Cameron Artis-Payne,25.0,CAR,RB,7.0,0.0,5.0,5.0,58.0,11.6,0.0,4.0,100.0,20.0,0.7,8.3,100.0,11.6,0.0
146735.0,Dwayne Bowe,31.0,CLE,WR,7.0,0.0,13.0,5.0,53.0,10.6,0.0,3.0,38.5,16.0,0.7,7.6,38.5,4.1,0.0
481645.0,Michael Campanaro,24.0,BAL,WR,4.0,0.0,6.0,5.0,35.0,7.0,0.0,1.0,66.7,11.0,1.3,8.8,83.3,5.8,0.0
189229.0,Jeff Cumberland,28.0,NYJ,TE,15.0,6.0,14.0,5.0,77.0,15.4,0.0,3.0,28.6,44.0,0.3,5.1,35.7,5.5,0.0
504027.0,Jalston Fowler,25.0,TEN,RB,16.0,0.0,6.0,5.0,44.0,8.8,1.0,3.0,66.7,19.0,0.3,2.8,83.3,7.3,0.0
380730.0,Cory Harkey,25.0,STL,TE,16.0,5.0,6.0,5.0,26.0,5.2,0.0,2.0,83.3,12.0,0.3,1.6,83.3,4.3,0.0
,Austin Johnson,26.0,NOR,RB,10.0,1.0,8.0,5.0,30.0,6.0,0.0,3.0,37.5,12.0,0.5,3.0,62.5,3.8,0.0
183766.0,Preston Parker,28.0,NYG,WR,2.0,1.0,12.0,5.0,40.0,8.0,0.0,1.0,33.3,15.0,2.5,20.0,41.7,3.3,0.0
,Jerome Simpson,29.0,SFO,WR,6.0,1.0,19.0,5.0,54.0,10.8,1.0,4.0,21.1,16.0,0.8,9.0,26.3,2.8,0.0
377883.0,Jake Stoneburner,26.0,MIA,TE,11.0,1.0,5.0,5.0,47.0,9.4,2.0,3.0,80.0,13.0,0.5,4.3,100.0,9.4,0.0
529583.0,Lorenzo Taliaferro,24.0,BAL,RB,3.0,0.0,5.0,5.0,29.0,5.8,0.0,0.0,60.0,11.0,1.7,9.7,100.0,5.8,0.0
482048.0,Zurlon Tipton,25.0,IND,RB,10.0,0.0,8.0,5.0,57.0,11.4,0.0,2.0,25.0,27.0,0.5,5.7,62.5,7.1,0.0
481654.0,Tommy Bohanon,25.0,NYJ,RB,16.0,4.0,8.0,4.0,56.0,14.0,0.0,3.0,37.5,23.0,0.3,3.5,50.0,7.0,0.0
,Reggie Bush,30.0,SFO,RB,5.0,1.0,10.0,4.0,19.0,4.8,0.0,1.0,10.0,8.0,0.8,3.8,40.0,1.9,0.0
378311.0,Corey Fuller,25.0,DET,WR,12.0,0.0,9.0,4.0,76.0,19.0,0.0,3.0,44.4,48.0,0.3,6.3,44.4,8.4,1.0
177740.0,Garrett Graham,29.0,HOU,TE,8.0,2.0,19.0,4.0,30.0,7.5,1.0,1.0,21.1,9.0,0.5,3.8,21.1,1.6,0.0
,T.J. Graham,26.0,NOR,WR,4.0,1.0,4.0,4.0,24.0,6.0,0.0,1.0,25.0,18.0,1.0,6.0,100.0,6.0,0.0
,Malcolm Johnson,23.0,CLE,RB,12.0,5.0,6.0,4.0,15.0,3.8,0.0,0.0,0.0,8.0,0.3,1.3,66.7,2.5,0.0
,Ricardo Lockette,29.0,SEA,WR,8.0,0.0,7.0,4.0,69.0,17.3,1.0,2.0,28.6,40.0,0.5,8.6,57.1,9.9,0.0
517624.0,Troy Niklas,23.0,ARI,TE,16.0,3.0,4.0,4.0,33.0,8.3,2.0,3.0,100.0,13.0,0.3,2.1,100.0,8.3,0.0
188693.0,Andrew Quarless,27.0,GNB,TE,5.0,1.0,5.0,4.0,31.0,7.8,0.0,1.0,60.0,13.0,0.8,6.2,80.0,6.2,0.0
232428.0,Stevan Ridley,26.0,NYJ,RB,8.0,1.0,5.0,4.0,-2.0,-0.5,0.0,0.0,0.0,3.0,0.5,-0.3,80.0,-0.4,0.0
237733.0,Anthony Sherman,27.0,KAN,RB,16.0,2.0,5.0,4.0,34.0,8.5,0.0,1.0,20.0,18.0,0.3,2.1,80.0,6.8,0.0
503955.0,Trey Burton,24.0,PHI,TE,16.0,0.0,4.0,3.0,54.0,18.0,0.0,1.0,75.0,43.0,0.2,3.4,75.0,13.5,0.0
514099.0,Ka'Deem Carey,23.0,CHI,RB,11.0,1.0,3.0,3.0,19.0,6.3,1.0,2.0,100.0,11.0,0.3,1.7,100.0,6.3,1.0
505548.0,Orleans Darkwa,23.0,NYG,RB,16.0,0.0,5.0,3.0,31.0,10.3,0.0,2.0,60.0,15.0,0.2,1.9,60.0,6.2,0.0
160704.0,Kellen Davis,30.0,NYJ,TE,16.0,9.0,11.0,3.0,18.0,6.0,1.0,2.0,27.3,9.0,0.2,1.1,27.3,1.6,0.0
188524.0,Toby Gerhart,28.0,JAX,RB,7.0,1.0,5.0,3.0,23.0,7.7,0.0,1.0,40.0,8.0,0.4,3.3,60.0,4.6,0.0
515471.0,Matt LaCosse,23.0,NYG,TE,2.0,0.0,3.0,3.0,22.0,7.3,0.0,2.0,66.7,10.0,1.5,11.0,100.0,7.3,0.0
169337.0,Tony Moeaki,28.0,ATL,TE,11.0,0.0,5.0,3.0,58.0,19.3,1.0,3.0,60.0,42.0,0.3,5.3,60.0,11.6,0.0
482169.0,Bernard Pierce,24.0,JAX,RB,7.0,0.0,5.0,3.0,7.0,2.3,0.0,0.0,40.0,6.0,0.4,1.0,60.0,1.4,0.0
,Bobby Rainey,28.0,TAM,RB,16.0,0.0,3.0,3.0,16.0,5.3,0.0,1.0,66.7,8.0,0.2,1.0,100.0,5.3,8.0
184070.0,Greg Salas,27.0,BUF,WR,2.0,0.0,5.0,3.0,41.0,13.7,0.0,3.0,60.0,20.0,1.5,20.5,60.0,8.2,0.0
480205.0,Russell Shepard,25.0,TAM,WR,13.0,2.0,9.0,3.0,28.0,9.3,1.0,3.0,33.3,18.0,0.2,2.2,33.3,3.1,0.0
,Kevin Smith,24.0,SEA,WR,7.0,1.0,5.0,3.0,43.0,14.3,0.0,2.0,60.0,21.0,0.4,6.1,60.0,8.6,0.0
,Phillip Supernaw,25.0,TEN,TE,16.0,1.0,4.0,3.0,32.0,10.7,0.0,1.0,50.0,16.0,0.2,2.0,75.0,8.0,1.0
,Michael Williams,25.0,NWE,TE,15.0,9.0,6.0,3.0,26.0,8.7,0.0,1.0,33.3,15.0,0.2,1.7,50.0,4.3,0.0
517985.0,Chandler Worthy,22.0,HOU,WR,3.0,0.0,4.0,3.0,14.0,4.7,0.0,1.0,25.0,12.0,1.0,4.7,75.0,3.5,1.0
174183.0,Tyson Alualu,28.0,JAX,LDT,16.0,13.0,3.0,2.0,19.0,9.5,0.0,2.0,66.7,16.0,0.1,1.2,66.7,6.3,0.0
535801.0,Tevin Coleman,22.0,ATL,RB,12.0,3.0,11.0,2.0,14.0,7.0,0.0,0.0,9.1,10.0,0.2,1.2,18.2,1.3,3.0
502295.0,Geremy Davis,23.0,NYG,WR,10.0,0.0,3.0,2.0,21.0,10.5,0.0,1.0,33.3,16.0,0.2,2.1,66.7,7.0,0.0
482676.0,Knile Davis,24.0,KAN,RB,14.0,0.0,3.0,2.0,24.0,12.0,0.0,1.0,33.3,12.0,0.1,1.7,66.7,8.0,0.0
481791.0,Marquise Goodwin,25.0,BUF,WR,2.0,0.0,2.0,2.0,24.0,12.0,0.0,2.0,100.0,14.0,1.0,12.0,100.0,12.0,0.0
504030.0,Corey Grant,24.0,JAX,RB,6.0,0.0,3.0,2.0,13.0,6.5,0.0,0.0,66.7,8.0,0.3,2.2,66.7,4.3,1.0
,Jeff Janis,24.0,GNB,WR,16.0,0.0,12.0,2.0,79.0,39.5,0.0,2.0,16.7,46.0,0.1,4.9,16.7,6.6,0.0
,Will Johnson,26.0,PIT,FB,16.0,3.0,4.0,2.0,16.0,8.0,0.0,1.0,50.0,11.0,0.1,1.0,50.0,4.0,0.0
500863.0,Jonathan Krause,23.0,PHI,WR,2.0,0.0,4.0,2.0,11.0,5.5,0.0,0.0,0.0,7.0,1.0,5.5,50.0,2.8,0.0
177381.0,Jorvorskie Lane,28.0,TAM,TE,16.0,6.0,2.0,2.0,13.0,6.5,0.0,0.0,0.0,8.0,0.1,0.8,100.0,6.5,0.0
,Tre McBride,23.0,TEN,WR,7.0,0.0,4.0,2.0,8.0,4.0,1.0,1.0,50.0,7.0,0.3,1.1,50.0,2.0,0.0
,Roosevelt Nix,23.0,PIT,RB,15.0,4.0,3.0,2.0,16.0,8.0,0.0,1.0,66.7,10.0,0.1,1.1,66.7,5.3,0.0
532092.0,Cordarrelle Patterson,24.0,MIN,WR,16.0,1.0,2.0,2.0,10.0,5.0,0.0,1.0,50.0,9.0,0.1,0.6,100.0,5.0,1.0
133842.0,Matt Spaeth,32.0,PIT,TE,13.0,7.0,3.0,2.0,10.0,5.0,0.0,1.0,66.7,6.0,0.2,0.8,66.7,3.3,0.0
170984.0,Brandon Tate,28.0,CIN,WR,16.0,0.0,3.0,2.0,59.0,29.5,1.0,1.0,66.7,55.0,0.1,3.7,66.7,19.7,1.0
235224.0,Deonte Thompson,26.0,CHI,WR,7.0,0.0,3.0,2.0,81.0,40.5,0.0,2.0,66.7,45.0,0.3,11.6,66.7,27.0,0.0
502760.0,Andrew Turzilli,24.0,TEN,WR,3.0,0.0,2.0,2.0,25.0,12.5,0.0,1.0,100.0,18.0,0.7,8.3,100.0,12.5,0.0
513727.0,Darren Waller,23.0,BAL,WR,6.0,1.0,6.0,2.0,18.0,9.0,0.0,1.0,16.7,17.0,0.3,3.0,33.3,3.0,0.0
504057.0,DeAndrew White,24.0,SFO,WR,4.0,0.0,2.0,2.0,18.0,9.0,0.0,2.0,100.0,10.0,0.5,4.5,100.0,9.0,1.0
505058.0,Kerwynn Williams,24.0,ARI,RB,6.0,0.0,2.0,2.0,16.0,8.0,0.0,1.0,50.0,12.0,0.3,2.7,100.0,8.0,1.0
162356.0,Tyrell Williams,23.0,SDG,WR,7.0,0.0,6.0,2.0,90.0,45.0,1.0,0.0,0.0,80.0,0.3,12.9,33.3,15.0,0.0
506671.0,Zach Zenner,24.0,DET,RB,6.0,1.0,3.0,2.0,11.0,5.5,0.0,0.0,33.3,7.0,0.3,1.8,66.7,3.7,0.0
170074.0,Seyi Ajirotutu,28.0,PHI,WR,13.0,0.0,3.0,1.0,4.0,4.0,0.0,0.0,0.0,4.0,0.1,0.3,33.3,1.3,0.0
550507.0,Mario Alford,23.0,CIN,WR,1.0,0.0,1.0,1.0,15.0,15.0,0.0,1.0,100.0,15.0,1.0,15.0,100.0,15.0,0.0
545385.0,E.J. Bibbs,24.0,CLE,TE,7.0,0.0,2.0,1.0,7.0,7.0,0.0,0.0,0.0,7.0,0.1,1.0,50.0,3.5,0.0
,Tom Brady,38.0,NWE,QB,16.0,16.0,1.0,1.0,36.0,36.0,0.0,1.0,100.0,36.0,0.1,2.3,100.0,36.0,6.0
,Malcolm Brown,22.0,STL,RB,1.0,0.0,1.0,1.0,-2.0,-2.0,0.0,1.0,0.0,-2.0,1.0,-2.0,100.0,-2.0,0.0
238332.0,Vincent Brown,26.0,SDG,WR,1.0,0.0,2.0,1.0,22.0,22.0,0.0,1.0,50.0,22.0,1.0,22.0,50.0,11.0,0.0
501128.0,Asante Cleveland,23.0,NWE,TE,4.0,1.0,1.0,1.0,1.0,1.0,0.0,0.0,0.0,1.0,0.3,0.3,100.0,1.0,0.0
147212.0,Tyler Clutts,31.0,DAL,RB,16.0,5.0,1.0,1.0,4.0,4.0,0.0,0.0,0.0,4.0,0.1,0.3,100.0,4.0,0.0
515949.0,Sammie Coates,22.0,PIT,WR,6.0,0.0,2.0,1.0,11.0,11.0,0.0,1.0,50.0,11.0,0.2,1.8,50.0,5.5,0.0
512737.0,David Cobb,22.0,TEN,RB,7.0,1.0,2.0,1.0,-2.0,-2.0,0.0,0.0,0.0,-2.0,0.1,-0.3,50.0,-1.0,0.0
380721.0,Derrick Coleman,25.0,SEA,RB,14.0,3.0,1.0,1.0,0.0,0.0,0.0,0.0,0.0,,0.1,0.0,100.0,0.0,0.0
118214.0,Cody Davis,26.0,STL,DB,16.0,0.0,2.0,1.0,20.0,20.0,0.0,1.0,50.0,20.0,0.1,1.3,50.0,10.0,1.0
232355.0,Marcus Easley,28.0,BUF,WR,13.0,0.0,3.0,1.0,58.0,58.0,1.0,1.0,33.3,58.0,0.1,4.5,33.3,19.3,0.0
,Ben Edwards,23.0,NYG,WR,2.0,0.0,2.0,1.0,9.0,9.0,0.0,0.0,0.0,9.0,0.5,4.5,50.0,4.5,0.0
158753.0,Jerome Felton,29.0,BUF,RB,16.0,8.0,2.0,1.0,12.0,12.0,0.0,0.0,50.0,12.0,0.1,0.8,50.0,6.0,0.0
511450.0,Jake Fisher,22.0,CIN,T,14.0,1.0,5.0,1.0,31.0,31.0,0.0,1.0,20.0,31.0,0.1,2.2,20.0,6.2,0.0
,Ereck Flowers,21.0,NYG,LT,15.0,15.0,1.0,1.0,-11.0,-11.0,0.0,0.0,0.0,-11.0,0.1,-0.7,100.0,-11.0,0.0
,Brittan Golden,27.0,ARI,WR,14.0,0.0,1.0,1.0,5.0,5.0,0.0,1.0,100.0,5.0,0.1,0.4,100.0,5.0,1.0
381929.0,MarQueis Gray,26.0,BUF,TE,4.0,0.0,1.0,1.0,2.0,2.0,0.0,0.0,0.0,2.0,0.3,0.5,100.0,2.0,0.0
378491.0,Chris Harper,22.0,NWE,WR,5.0,0.0,3.0,1.0,6.0,6.0,0.0,0.0,0.0,6.0,0.2,1.2,33.3,2.0,1.0
,Mike Iupati,28.0,ARI,LG,13.0,13.0,1.0,1.0,10.0,10.0,0.0,1.0,100.0,10.0,0.1,0.8,100.0,10.0,0.0
137386.0,Steven Jackson,32.0,NWE,RB,2.0,1.0,1.0,1.0,20.0,20.0,0.0,1.0,100.0,20.0,0.5,10.0,100.0,20.0,0.0
504189.0,Nic Jacobs,24.0,JAX,TE,11.0,2.0,3.0,1.0,6.0,6.0,0.0,0.0,0.0,6.0,0.1,0.5,33.3,2.0,0.0
,Wesley Johnson,24.0,NYJ,T,10.0,1.0,1.0,1.0,-5.0,-5.0,0.0,0.0,0.0,-5.0,0.1,-0.5,100.0,-5.0,0.0
,Kendall Lamm,23.0,HOU,T,15.0,4.0,1.0,1.0,7.0,7.0,0.0,1.0,100.0,7.0,0.1,0.5,100.0,7.0,0.0
,Khari Lee,23.0,CHI,TE,16.0,7.0,3.0,1.0,7.0,7.0,0.0,0.0,0.0,7.0,0.1,0.4,33.3,2.3,0.0
,Brian Leonhardt,25.0,SFO,TE,4.0,0.0,1.0,1.0,4.0,4.0,0.0,0.0,0.0,4.0,0.3,1.0,100.0,4.0,0.0
517209.0,Terrence Magee,22.0,BAL,RB,4.0,0.0,1.0,1.0,2.0,2.0,0.0,0.0,0.0,2.0,0.3,0.5,100.0,2.0,0.0
511459.0,Marcus Mariota,22.0,TEN,QB,12.0,12.0,1.0,1.0,41.0,41.0,1.0,1.0,100.0,41.0,0.1,3.4,100.0,41.0,10.0
177712.0,Matthew Mulligan,30.0,BUF,TE,12.0,5.0,1.0,1.0,2.0,2.0,0.0,0.0,0.0,2.0,0.1,0.2,100.0,2.0,0.0
,Tyler Murphy,23.0,PIT,QB,2.0,0.0,1.0,1.0,16.0,16.0,0.0,1.0,100.0,16.0,0.5,8.0,100.0,16.0,0.0
517377.0,Nick O'Leary,23.0,BUF,TE,4.0,0.0,3.0,1.0,37.0,37.0,0.0,1.0,33.3,37.0,0.3,9.3,33.3,12.3,0.0
499137.0,Brian Parker,23.0,KAN,TE,9.0,0.0,2.0,1.0,6.0,6.0,0.0,0.0,0.0,6.0,0.1,0.7,50.0,3.0,0.0
,Donald Penn,32.0,OAK,LT,16.0,16.0,1.0,1.0,3.0,3.0,0.0,0.0,0.0,3.0,0.1,0.2,100.0,3.0,0.0
,Terrelle Pryor,26.0,CLE,WR,3.0,2.0,8.0,1.0,42.0,42.0,0.0,1.0,12.5,42.0,0.3,14.0,12.5,5.3,0.0
505345.0,Paul Richardson,23.0,SEA,WR,1.0,0.0,1.0,1.0,40.0,40.0,0.0,1.0,100.0,40.0,1.0,40.0,100.0,40.0,0.0
514732.0,Aaron Ripkowski,23.0,GNB,RB,15.0,0.0,1.0,1.0,18.0,18.0,0.0,1.0,100.0,18.0,0.1,1.2,100.0,18.0,0.0
379208.0,Jacquizz Rodgers,25.0,CHI,RB,5.0,0.0,3.0,1.0,10.0,10.0,0.0,0.0,0.0,10.0,0.2,2.0,33.3,3.3,0.0
,Scott Simonson,23.0,CAR,TE,9.0,0.0,1.0,1.0,10.0,10.0,0.0,1.0,100.0,10.0,0.1,1.1,100.0,10.0,0.0
183518.0,Matthew Stafford,27.0,DET,QB,16.0,16.0,1.0,1.0,-6.0,-6.0,0.0,0.0,0.0,-6.0,0.1,-0.4,100.0,-6.0,4.0
500979.0,Rod Streater,27.0,OAK,WR,1.0,0.0,1.0,1.0,8.0,8.0,0.0,1.0,100.0,8.0,1.0,8.0,100.0,8.0,0.0
547337.0,Geoff Swaim,22.0,DAL,TE,4.0,1.0,1.0,1.0,0.0,0.0,0.0,0.0,0.0,,0.3,0.0,100.0,0.0,0.0
232059.0,Ryan Tannehill,27.0,MIA,QB,16.0,16.0,1.0,1.0,9.0,9.0,0.0,1.0,100.0,9.0,0.1,0.6,100.0,9.0,10.0
482574.0,Stepfan Taylor,24.0,ARI,RB,16.0,0.0,3.0,1.0,4.0,4.0,0.0,0.0,0.0,4.0,0.1,0.3,33.3,1.3,0.0
236838.0,Tyrod Taylor,26.0,BUF,QB,14.0,14.0,1.0,1.0,4.0,4.0,0.0,0.0,100.0,4.0,0.1,0.3,100.0,4.0,9.0
,Will Tukuafu,31.0,SEA,FB,14.0,1.0,1.0,1.0,7.0,7.0,1.0,1.0,100.0,7.0,0.1,0.5,100.0,7.0,1.0
511843.0,C.J. Uzomah,22.0,CIN,TE,5.0,0.0,1.0,1.0,4.0,4.0,0.0,1.0,100.0,4.0,0.2,0.8,100.0,4.0,0.0
529898.0,Tyler Varga,22.0,IND,RB,3.0,0.0,2.0,1.0,18.0,18.0,0.0,1.0,50.0,18.0,0.3,6.0,50.0,9.0,0.0
,Eric Weems,30.0,ATL,WR,16.0,0.0,1.0,1.0,11.0,11.0,0.0,1.0,100.0,11.0,0.1,0.7,100.0,11.0,0.0
,Andre Williams,23.0,NYG,RB,16.0,0.0,3.0,1.0,7.0,7.0,0.0,0.0,33.3,7.0,0.1,0.4,33.3,2.3,0.0
513075.0,Kasen Williams,23.0,SEA,WR,2.0,0.0,1.0,1.0,8.0,8.0,0.0,1.0,100.0,8.0,0.5,4.0,100.0,8.0,0.0
480250.0,Cierre Wood,24.0,BUF,RB,2.0,0.0,1.0,1.0,-6.0,-6.0,0.0,0.0,0.0,-6.0,0.5,-3.0,100.0,-6.0,0.0
,Isa Abdul-Quddus,26.0,DET,SS,16.0,8.0,0.0,0.0,0.0,,0.0,0.0,,,0.0,0.0,,,0.0
237013.0,Colt Anderson,30.0,IND,DB,14.0,1.0,0.0,0.0,0.0,,0.0,0.0,,,0.0,0.0,,,0.0
,Derek Anderson,32.0,CAR,QB,3.0,0.0,0.0,0.0,0.0,,0.0,0.0,,,0.0,0.0,,,1.0
,Tony Bergstrom,29.0,OAK,T,16.0,3.0,1.0,0.0,0.0,,0.0,0.0,0.0,,0.0,0.0,0.0,0.0,0.0
505719.0,Blake Bortles,23.0,JAX,QB,16.0,16.0,0.0,0.0,0.0,,0.0,0.0,,,0.0,0.0,,,14.0
188934.0,Sam Bradford,28.0,PHI,QB,14.0,14.0,0.0,0.0,0.0,,0.0,0.0,,,0.0,0.0,,,10.0
,Drew Brees,36.0,NOR,QB,15.0,15.0,0.0,0.0,0.0,,0.0,0.0,,,0.0,0.0,,,5.0
511614.0,Teddy Bridgewater,23.0,MIN,QB,16.0,16.0,0.0,0.0,0.0,,0.0,0.0,,,0.0,0.0,,,8.0
,Bryce Brown,24.0,SEA,RB,3.0,0.0,2.0,0.0,0.0,,0.0,0.0,0.0,,0.0,0.0,0.0,0.0,0.0
484080.0,Derek Carr,24.0,OAK,QB,16.0,16.0,0.0,0.0,0.0,,0.0,0.0,,,0.0,0.0,,,10.0
101042.0,Matt Cassel,33.0,DAL,QB,8.0,7.0,0.0,0.0,0.0,,0.0,0.0,,,0.0,0.0,,,4.0
120702.0,Kellen Clemens,32.0,SDG,QB,2.0,0.0,0.0,0.0,0.0,,0.0,0.0,,,0.0,0.0,,,0.0
238910.0,Kirk Cousins,27.0,WAS,QB,16.0,16.0,0.0,0.0,0.0,,0.0,0.0,,,0.0,0.0,,,9.0
537920.0,John Crockett,23.0,GNB,RB,2.0,0.0,0.0,0.0,0.0,,0.0,0.0,,,0.0,0.0,,,0.0
115374.0,Jay Cutler,32.0,CHI,QB,15.0,15.0,0.0,0.0,0.0,,0.0,0.0,,,0.0,0.0,,,8.0
183253.0,Andy Dalton,28.0,CIN,QB,13.0,13.0,0.0,0.0,0.0,,0.0,0.0,,,0.0,0.0,,,5.0
177296.0,Chase Daniel,29.0,KAN,QB,2.0,0.0,0.0,0.0,0.0,,0.0,0.0,,,0.0,0.0,,,0.0
237729.0,Austin Davis,26.0,CLE,QB,3.0,2.0,0.0,0.0,0.0,,0.0,0.0,,,0.0,0.0,,,2.0
,Ryan Fitzpatrick,33.0,NYJ,QB,16.0,16.0,0.0,0.0,0.0,,0.0,0.0,,,0.0,0.0,,,5.0
146278.0,Joe Flacco,30.0,BAL,QB,10.0,10.0,0.0,0.0,0.0,,0.0,0.0,,,0.0,0.0,,,5.0
238803.0,Nick Foles,26.0,STL,QB,11.0,11.0,0.0,0.0,0.0,,0.0,0.0,,,0.0,0.0,,,5.0
192029.0,Josh Freeman,27.0,IND,QB,1.0,1.0,0.0,0.0,0.0,,0.0,0.0,,,0.0,0.0,,,0.0
381364.0,Blaine Gabbert,26.0,SFO,QB,8.0,8.0,0.0,0.0,0.0,,0.0,0.0,,,0.0,0.0,,,4.0
499514.0,Jimmy Garoppolo,24.0,NWE,QB,5.0,0.0,0.0,0.0,0.0,,0.0,0.0,,,0.0,0.0,,,0.0
109627.0,Alonzo Harris,23.0,GNB,RB,6.0,0.0,1.0,0.0,0.0,,0.0,0.0,0.0,,0.0,0.0,0.0,0.0,0.0
,Matt Hasselbeck,40.0,IND,QB,8.0,8.0,0.0,0.0,0.0,,0.0,0.0,,,0.0,0.0,,,3.0
498387.0,Matt Hazel,23.0,MIA,WR,5.0,1.0,1.0,0.0,0.0,,0.0,0.0,0.0,,0.0,0.0,0.0,0.0,0.0
,Jeff Heath,24.0,DAL,DB,16.0,1.0,0.0,0.0,0.0,,0.0,0.0,,,0.0,0.0,,,0.0
,Shaun Hill,35.0,MIN,QB,3.0,0.0,0.0,0.0,0.0,,0.0,0.0,,,0.0,0.0,,,0.0
160772.0,Brian Hoyer,30.0,HOU,QB,11.0,9.0,0.0,0.0,0.0,,0.0,0.0,,,0.0,0.0,,,6.0
235661.0,Kendall Hunter,27.0,NOR,RB,2.0,0.0,0.0,0.0,0.0,,0.0,0.0,,,0.0,0.0,,,0.0
504955.0,Joey Iosefa,24.0,NWE,RB,2.0,0.0,0.0,0.0,0.0,,0.0,0.0,,,0.0,0.0,,,0.0
,Tarvaris Jackson,32.0,SEA,QB,4.0,0.0,0.0,0.0,0.0,,0.0,0.0,,,0.0,0.0,,,0.0
383771.0,Damaris Johnson,26.0,NWE,WR,1.0,0.0,0.0,0.0,0.0,,0.0,0.0,,,0.0,0.0,,,0.0
377845.0,Landry Jones,26.0,PIT,QB,7.0,2.0,0.0,0.0,0.0,,0.0,0.0,,,0.0,0.0,,,1.0
,Seantavius Jones,23.0,NOR,WR,3.0,0.0,1.0,0.0,0.0,,0.0,0.0,0.0,,0.0,0.0,0.0,0.0,0.0
183575.0,Colin Kaepernick,28.0,SFO,QB,9.0,8.0,0.0,0.0,0.0,,0.0,0.0,,,0.0,0.0,,,5.0
191981.0,Case Keenum,27.0,STL,QB,6.0,5.0,0.0,0.0,0.0,,0.0,0.0,,,0.0,0.0,,,3.0
123206.0,Sam Koch,33.0,BAL,P,16.0,0.0,0.0,0.0,0.0,,0.0,0.0,,,0.0,0.0,,,0.0
,Anthony Levine,28.0,BAL,DB,16.0,0.0,0.0,0.0,0.0,,0.0,0.0,,,0.0,0.0,,,1.0
380723.0,Jeff Locke,26.0,MIN,P,16.0,0.0,0.0,0.0,0.0,,0.0,0.0,,,0.0,0.0,,,0.0
380470.0,Andrew Luck,26.0,IND,QB,7.0,7.0,0.0,0.0,0.0,,0.0,0.0,,,0.0,0.0,,,3.0
,Eli Manning,34.0,NYG,QB,16.0,16.0,0.0,0.0,0.0,,0.0,0.0,,,0.0,0.0,,,11.0
,Peyton Manning,39.0,DEN,QB,10.0,9.0,0.0,0.0,0.0,,0.0,0.0,,,0.0,0.0,,,1.0
380849.0,EJ Manuel,25.0,BUF,QB,7.0,2.0,0.0,0.0,0.0,,0.0,0.0,,,0.0,0.0,,,2.0
517475.0,Johnny Manziel,23.0,CLE,QB,9.0,6.0,0.0,0.0,0.0,,0.0,0.0,,,0.0,0.0,,,6.0
178754.0,Tim Masthay,28.0,GNB,P,16.0,0.0,0.0,0.0,0.0,,0.0,0.0,,,0.0,0.0,,,0.0
550634.0,Vince Mayle,24.0,DAL,WR,1.0,0.0,1.0,0.0,0.0,,0.0,0.0,0.0,,0.0,0.0,0.0,0.0,0.0
174460.0,Pat McAfee,28.0,IND,P,16.0,0.0,0.0,0.0,0.0,,0.0,0.0,,,0.0,0.0,,,0.0
,A.J. McCarron,25.0,CIN,QB,7.0,3.0,0.0,0.0,0.0,,0.0,0.0,,,0.0,0.0,,,1.0
,Josh McCown,36.0,CLE,QB,8.0,8.0,0.0,0.0,0.0,,0.0,0.0,,,0.0,0.0,,,9.0
175772.0,Colt McCoy,29.0,WAS,QB,2.0,0.0,0.0,0.0,0.0,,0.0,0.0,,,0.0,0.0,,,1.0
480251.0,Zach Mettenberger,24.0,TEN,QB,7.0,4.0,0.0,0.0,0.0,,0.0,0.0,,,0.0,0.0,,,4.0
232560.0,Kellen Moore,26.0,DAL,QB,3.0,2.0,0.0,0.0,0.0,,0.0,0.0,,,0.0,0.0,,,1.0
137189.0,Matt Moore,31.0,MIA,QB,1.0,0.0,0.0,0.0,0.0,,0.0,0.0,,,0.0,0.0,,,0.0
,Marcus Murphy,24.0,NOR,RB,13.0,0.0,0.0,0.0,0.0,,0.0,0.0,,,0.0,0.0,,,3.0
232016.0,Cam Newton,26.0,CAR,QB,16.0,16.0,0.0,0.0,0.0,,0.0,0.0,,,0.0,0.0,,,5.0
381296.0,Brad Nortman,26.0,CAR,P,16.0,0.0,0.0,0.0,0.0,,0.0,0.0,,,0.0,0.0,,,0.0
482670.0,Kevin Norwood,26.0,CAR,WR,1.0,0.0,1.0,0.0,0.0,,0.0,0.0,0.0,,0.0,0.0,0.0,0.0,0.0
480396.0,Brock Osweiler,25.0,DEN,QB,8.0,7.0,0.0,0.0,0.0,,0.0,0.0,,,0.0,0.0,,,4.0
,Carson Palmer,36.0,ARI,QB,16.0,16.0,0.0,0.0,0.0,,0.0,0.0,,,0.0,0.0,,,6.0
377970.0,Isaiah Pead,26.0,STL,RB,2.0,0.0,0.0,0.0,0.0,,0.0,0.0,,,0.0,0.0,,,1.0
,Dontari Poe,25.0,KAN,NT,15.0,13.0,0.0,0.0,0.0,,0.0,0.0,,,0.0,0.0,,,0.0
482550.0,Jordan Poyer,24.0,CLE,DB,14.0,4.0,0.0,0.0,0.0,,0.0,0.0,,,0.0,0.0,,,0.0
500498.0,Jay Prosch,23.0,HOU,RB,16.0,2.0,1.0,0.0,0.0,,0.0,0.0,0.0,,0.0,0.0,0.0,0.0,0.0
,Joe Reitz,30.0,IND,RT,16.0,14.0,1.0,0.0,0.0,,0.0,0.0,0.0,,0.0,0.0,0.0,0.0,0.0
381689.0,Sean Renfree,25.0,ATL,QB,2.0,0.0,0.0,0.0,0.0,,0.0,0.0,,,0.0,0.0,,,0.0
487145.0,Rico Richardson,24.0,TEN,WR,5.0,0.0,5.0,0.0,0.0,,0.0,0.0,0.0,,0.0,0.0,0.0,0.0,0.0
,Philip Rivers,34.0,SDG,QB,16.0,16.0,0.0,0.0,0.0,,0.0,0.0,,,0.0,0.0,,,4.0
144994.0,Aaron Rodgers,32.0,GNB,QB,16.0,16.0,0.0,0.0,0.0,,0.0,0.0,,,0.0,0.0,,,8.0
,Ben Roethlisberger,33.0,PIT,QB,12.0,11.0,0.0,0.0,-3.0,,0.0,0.0,,,0.0,-0.3,,,2.0
,Tony Romo,35.0,DAL,QB,4.0,4.0,0.0,0.0,0.0,,0.0,0.0,,,0.0,0.0,,,1.0
146254.0,Matt Ryan,30.0,ATL,QB,16.0,16.0,0.0,0.0,0.0,,0.0,0.0,,,0.0,0.0,,,12.0
174154.0,Mark Sanchez,29.0,PHI,QB,4.0,2.0,0.0,0.0,0.0,,0.0,0.0,,,0.0,0.0,,,1.0
,Matt Schaub,34.0,BAL,QB,2.0,2.0,0.0,0.0,0.0,,0.0,0.0,,,0.0,0.0,,,0.0
487051.0,Colton Schmidt,25.0,BUF,P,16.0,0.0,0.0,0.0,0.0,,0.0,0.0,,,0.0,0.0,,,1.0
,Mitchell Schwartz,26.0,CLE,RT,16.0,16.0,1.0,0.0,0.0,,0.0,0.0,0.0,,0.0,0.0,0.0,0.0,0.0
500419.0,Trevor Siemian,24.0,DEN,QB,1.0,0.0,0.0,0.0,0.0,,0.0,0.0,,,0.0,0.0,,,0.0
153167.0,Matthew Slater,30.0,NWE,WR,16.0,0.0,1.0,0.0,0.0,,0.0,0.0,0.0,,0.0,0.0,0.0,0.0,0.0
173661.0,Antone Smith,30.0,CHI,RB,5.0,0.0,0.0,0.0,0.0,,0.0,0.0,,,0.0,0.0,,,0.0
488025.0,Geno Smith,25.0,NYJ,QB,1.0,0.0,0.0,0.0,0.0,,0.0,0.0,,,0.0,0.0,,,0.0
133795.0,Drew Stanton,31.0,ARI,QB,7.0,0.0,0.0,0.0,0.0,,0.0,0.0,,,0.0,0.0,,,0.0
160617.0,Marcus Thigpen,29.0,BUF,RB,8.0,0.0,0.0,0.0,0.0,,0.0,0.0,,,0.0,0.0,,,2.0
382319.0,Jordan Todman,25.0,PIT,RB,11.0,0.0,2.0,0.0,0.0,,0.0,0.0,0.0,,0.0,0.0,0.0,0.0,0.0
188112.0,Scott Tolzien,28.0,GNB,QB,3.0,0.0,0.0,0.0,0.0,,0.0,0.0,,,0.0,0.0,,,1.0
481443.0,Fitzgerald Toussaint,25.0,PIT,RB,5.0,0.0,0.0,0.0,0.0,,0.0,0.0,,,0.0,0.0,,,0.0
,Michael Vick,35.0,PIT,QB,5.0,3.0,0.0,0.0,0.0,,0.0,0.0,,,0.0,0.0,,,2.0
189532.0,Alejandro Villanueva,27.0,PIT,LT,16.0,10.0,1.0,0.0,0.0,,0.0,0.0,0.0,,0.0,0.0,0.0,0.0,0.0
242221.0,Tony Washington,23.0,JAX,WR,4.0,0.0,0.0,0.0,0.0,,0.0,0.0,,,0.0,0.0,,,0.0
242228.0,J.J. Watt,26.0,HOU,RDE,16.0,16.0,1.0,0.0,0.0,,0.0,0.0,0.0,,0.0,0.0,0.0,0.0,0.0
173642.0,Joe Webb,29.0,CAR,WR,16.0,0.0,0.0,0.0,0.0,,0.0,0.0,,,0.0,0.0,,,0.0
116343.0,Charlie Whitehurst,33.0,IND,QB,4.0,0.0,0.0,0.0,0.0,,0.0,0.0,,,0.0,0.0,,,0.0
,Trey Williams,23.0,IND,RB,2.0,0.0,0.0,0.0,0.0,,0.0,0.0,,,0.0,0.0,,,0.0
238093.0,Russell Wilson,27.0,SEA,QB,16.0,16.0,0.0,0.0,0.0,,0.0,0.0,,,0.0,0.0,,,7.0
377977.0,George Winn,25.0,DET,RB,7.0,0.0,0.0,0.0,0.0,,0.0,0.0,,,0.0,0.0,,,0.0
381910.0,Glenn Winston,26.0,CLE,RB,3.0,0.0,0.0,0.0,0.0,,0.0,0.0,,,0.0,0.0,,,1.0
530308.0,Jameis Winston,21.0,TAM,QB,16.0,16.0,0.0,0.0,0.0,,0.0,0.0,,,0.0,0.0,,,6.0
,Charles Woodson,39.0,OAK,SS,16.0,16.0,0.0,0.0,0.0,,0.0,0.0,,,0.0,0.0,,,1.0
183674.0,T.J. Yates,28.0,HOU,QB,4.0,2.0,0.0,0.0,0.0,,0.0,0.0,,,0.0,0.0,,,1.0
