Unnamed: 0_level_0,Unnamed: 1_level_0,Unnamed: 2_level_0,Unnamed: 3_level_0,Unnamed: 4_level_0,Unnamed: 5_level_0,Unnamed: 6_level_0,Rushing,Rushing,Rushing,Rushing,Rushing,Rushing,Rushing,Rushing,Rushing,Unnamed: 16_level_0,Unnamed: 17_level_0
Rk,Player,Age,Team,Pos,G,GS,Att,Yds,TD,1D,Succ%,Lng,Y/A,Y/G,A/G,Fmb,Awards
1.0,Larry Johnson,27.0,KAN,RB,16.0,16.0,416.0,1789.0,17.0,91.0,44.7,47.0,4.3,111.8,26.0,2.0,"PB,AP-1"
2.0,LaDainian Tomlinson,27.0,SDG,RB,16.0,16.0,348.0,1815.0,28.0,83.0,47.7,85.0,5.2,113.4,21.8,2.0,"PB,AP-1,AP MVP-1,AP OPoY-1"
3.0,Steven Jackson,23.0,STL,RB,16.0,16.0,346.0,1528.0,13.0,73.0,46.5,59.0,4.4,95.5,21.6,4.0,"PB,AP-2,AP OPoY-4"
4.0,Rudi Johnson,27.0,CIN,RB,16.0,15.0,341.0,1309.0,12.0,70.0,42.5,22.0,3.8,81.8,21.3,6.0,
5.0,Edgerrin James,28.0,ARI,RB,16.0,16.0,337.0,1159.0,6.0,61.0,45.1,18.0,3.4,72.4,21.1,3.0,
6.0,Willie Parker,26.0,PIT,RB,16.0,16.0,337.0,1494.0,13.0,72.0,44.5,76.0,4.4,93.4,21.1,7.0,PB
7.0,Tiki Barber,31.0,NYG,RB,16.0,16.0,327.0,1662.0,5.0,79.0,47.1,55.0,5.1,103.9,20.4,3.0,PB
8.0,Jamal Lewis,27.0,BAL,RB,16.0,16.0,314.0,1132.0,9.0,48.0,39.8,52.0,3.6,70.8,19.6,4.0,
9.0,Frank Gore,23.0,SFO,RB,16.0,16.0,312.0,1695.0,8.0,67.0,46.5,72.0,5.4,105.9,19.5,6.0,"PB,AP-2"
10.0,Chester Taylor,27.0,MIN,RB,15.0,15.0,303.0,1216.0,6.0,54.0,43.6,95.0,4.0,81.1,20.2,5.0,
11.0,Thomas Jones,28.0,CHI,RB,16.0,16.0,296.0,1210.0,6.0,63.0,47.3,30.0,4.1,75.6,18.5,1.0,
12.0,Warrick Dunn,31.0,ATL,RB,16.0,16.0,286.0,1140.0,4.0,48.0,38.8,90.0,4.0,71.3,17.9,1.0,
13.0,Travis Henry,28.0,TEN,RB,14.0,13.0,270.0,1211.0,7.0,50.0,42.6,70.0,4.5,86.5,19.3,3.0,AP CPoY-6
14.0,Julius Jones,25.0,DAL,RB,16.0,16.0,267.0,1084.0,4.0,48.0,44.9,77.0,4.1,67.8,16.7,1.0,
15.0,Ahman Green,29.0,GNB,RB,14.0,14.0,266.0,1059.0,5.0,55.0,40.6,70.0,4.0,75.6,19.0,4.0,
16.0,Willis McGahee,25.0,BUF,RB,14.0,14.0,259.0,990.0,6.0,50.0,45.2,57.0,3.8,70.7,18.5,4.0,
17.0,Shaun Alexander,29.0,SEA,RB,10.0,10.0,252.0,896.0,7.0,54.0,40.9,33.0,3.6,89.6,25.2,6.0,
18.0,Ladell Betts,27.0,WAS,RB,16.0,9.0,245.0,1154.0,4.0,60.0,46.5,26.0,4.7,72.1,15.3,6.0,
19.0,Deuce McAllister,28.0,NOR,RB,15.0,13.0,244.0,1057.0,10.0,53.0,49.6,57.0,4.3,70.5,16.3,3.0,AP CPoY-6
20.0,Ronnie Brown,25.0,MIA,RB,13.0,12.0,241.0,1008.0,5.0,50.0,44.8,47.0,4.2,77.5,18.5,4.0,
21.0,Brian Westbrook,27.0,PHI,RB,15.0,14.0,240.0,1217.0,7.0,60.0,47.5,71.0,5.1,81.1,16.0,2.0,
22.0,Tatum Bell,25.0,DEN,RB,13.0,13.0,233.0,1025.0,2.0,47.0,39.5,51.0,4.4,78.8,17.9,5.0,
23.0,Fred Taylor,30.0,JAX,RB,15.0,15.0,231.0,1146.0,5.0,47.0,42.9,76.0,5.0,76.4,15.4,3.0,
24.0,DeShaun Foster,26.0,CAR,RB,14.0,14.0,227.0,897.0,3.0,49.0,45.4,43.0,4.0,64.1,16.2,4.0,
25.0,Joseph Addai,23.0,IND,RB,16.0,0.0,226.0,1081.0,7.0,67.0,60.2,41.0,4.8,67.6,14.1,2.0,
26.0,Cadillac Williams,24.0,TAM,RB,14.0,14.0,225.0,798.0,1.0,32.0,39.1,38.0,3.5,57.0,16.1,3.0,
27.0,Reuben Droughns,28.0,CLE,RB,14.0,12.0,220.0,758.0,4.0,38.0,40.9,22.0,3.4,54.1,15.7,5.0,
28.0,Corey Dillon,32.0,NWE,RB,16.0,13.0,199.0,812.0,13.0,49.0,49.2,50.0,4.1,50.8,12.4,2.0,
29.0,Dominic Rhodes,27.0,IND,RB,16.0,16.0,187.0,641.0,5.0,40.0,45.5,17.0,3.4,40.1,11.7,3.0,
30.0,Kevin Jones,24.0,DET,RB,12.0,12.0,181.0,689.0,6.0,31.0,39.2,52.0,3.8,57.4,15.1,5.0,
31.0,Justin Fargas,26.0,OAK,RB,16.0,6.0,178.0,659.0,1.0,29.0,39.3,48.0,3.7,41.2,11.1,1.0,
32.0,Laurence Maroney,21.0,NWE,RB,14.0,0.0,175.0,745.0,6.0,42.0,43.4,41.0,4.3,53.2,12.5,1.0,
33.0,Maurice Jones-Drew,21.0,JAX,RB,16.0,1.0,166.0,941.0,13.0,46.0,48.8,74.0,5.7,58.8,10.4,1.0,AP ORoY-2
34.0,Maurice Morris,27.0,SEA,RB,16.0,8.0,161.0,604.0,0.0,34.0,36.6,29.0,3.8,37.8,10.1,1.0,
35.0,Mike Bell,23.0,DEN,RB,15.0,3.0,157.0,677.0,8.0,43.0,49.7,48.0,4.3,45.1,10.5,1.0,
36.0,Cedric Benson,24.0,CHI,RB,15.0,0.0,157.0,647.0,6.0,35.0,43.3,30.0,4.1,43.1,10.5,0.0,
37.0,Reggie Bush,21.0,NOR,RB,16.0,8.0,155.0,565.0,6.0,28.0,43.9,18.0,3.6,35.3,9.7,2.0,AP ORoY-5
38.0,Ron Dayne,28.0,HOU,RB,11.0,6.0,151.0,612.0,5.0,40.0,52.3,19.0,4.1,55.6,13.7,1.0,
39.0,Leon Washington,24.0,NYJ,RB,16.0,8.0,151.0,650.0,4.0,32.0,47.0,23.0,4.3,40.6,9.4,3.0,
40.0,Marion Barber III,23.0,DAL,RB,16.0,1.0,135.0,654.0,14.0,45.0,55.6,25.0,4.8,40.9,8.4,0.0,
41.0,Kevan Barlow,27.0,NYJ,RB,12.0,3.0,131.0,370.0,6.0,21.0,42.0,12.0,2.8,30.8,10.9,1.0,
42.0,Clinton Portis,25.0,WAS,RB,8.0,7.0,127.0,523.0,7.0,31.0,43.3,38.0,4.1,65.4,15.9,0.0,
43.0,Wali Lundy,23.0,HOU,RB,14.0,8.0,124.0,476.0,4.0,29.0,39.5,35.0,3.8,34.0,8.9,1.0,
44.0,Michael Vick,26.0,ATL,QB,16.0,16.0,123.0,1039.0,2.0,56.0,63.4,51.0,8.4,64.9,7.7,9.0,
45.0,DeAngelo Williams,23.0,CAR,RB,13.0,2.0,121.0,501.0,1.0,31.0,45.5,31.0,4.1,38.5,9.3,1.0,
46.0,LaMont Jordan,28.0,OAK,RB,9.0,8.0,114.0,434.0,2.0,18.0,35.1,59.0,3.8,48.2,12.7,1.0,
47.0,Cedric Houston,24.0,NYJ,RB,8.0,1.0,113.0,374.0,5.0,21.0,44.2,31.0,3.3,46.8,14.1,0.0,
48.0,Anthony Thomas,29.0,BUF,RB,16.0,2.0,107.0,378.0,2.0,15.0,35.5,19.0,3.5,23.6,6.7,1.0,
49.0,Jerious Norwood,23.0,ATL,RB,14.0,0.0,99.0,633.0,2.0,27.0,47.5,78.0,6.4,45.2,7.1,0.0,
50.0,Brandon Jacobs,24.0,NYG,RB,15.0,0.0,96.0,423.0,9.0,32.0,57.3,16.0,4.4,28.2,6.4,2.0,
51.0,Vernand Morency,26.0,2TM,RB,14.0,2.0,96.0,434.0,2.0,26.0,37.5,39.0,4.5,31.0,6.9,2.0,
51.0,Vernand Morency,26.0,HOU,RB,1.0,0.0,5.0,13.0,0.0,2.0,40.0,12.0,2.6,13.0,5.0,0.0,
51.0,Vernand Morency,26.0,GNB,RB,13.0,2.0,91.0,421.0,2.0,24.0,37.4,39.0,4.6,32.4,7.0,2.0,
52.0,Sammy Morris,29.0,MIA,RB,12.0,4.0,92.0,400.0,1.0,17.0,41.3,55.0,4.3,33.3,7.7,4.0,
53.0,Correll Buckhalter,28.0,PHI,RB,16.0,1.0,83.0,345.0,2.0,16.0,54.2,20.0,4.2,21.6,5.2,2.0,AP CPoY-6
54.0,Vince Young,23.0,TEN,QB,15.0,13.0,83.0,552.0,7.0,32.0,45.8,39.0,6.7,36.8,5.5,12.0,"PB,AP ORoY-1"
55.0,Michael Turner,24.0,SDG,RB,13.0,0.0,80.0,502.0,2.0,25.0,52.5,73.0,6.3,38.6,6.2,0.0,
56.0,Jason Wright,24.0,CLE,RB,13.0,3.0,62.0,189.0,0.0,8.0,37.1,18.0,3.0,14.5,4.8,1.0,
57.0,LenDale White,22.0,TEN,RB,13.0,0.0,61.0,244.0,0.0,13.0,36.1,26.0,4.0,18.8,4.7,0.0,
58.0,Mike Alstott,33.0,TAM,FB,16.0,15.0,60.0,171.0,3.0,17.0,48.3,17.0,2.9,10.7,3.8,1.0,
59.0,Najeh Davenport,27.0,PIT,RB,13.0,0.0,60.0,221.0,1.0,10.0,31.7,48.0,3.7,17.0,4.6,2.0,
60.0,Samkon Gado,24.0,2TM,RB,9.0,1.0,56.0,210.0,1.0,11.0,35.7,34.0,3.8,23.3,6.2,1.0,
60.0,Samkon Gado,24.0,GNB,RB,1.0,0.0,2.0,-7.0,0.0,0.0,0.0,-3.0,-3.5,-7.0,2.0,0.0,
60.0,Samkon Gado,24.0,HOU,RB,8.0,1.0,54.0,217.0,1.0,11.0,37.0,34.0,4.0,27.1,6.8,1.0,
61.0,David Carr,27.0,HOU,QB,16.0,16.0,53.0,195.0,2.0,16.0,45.3,16.0,3.7,12.2,3.3,16.0,
62.0,Michael Pittman,31.0,TAM,RB,16.0,3.0,50.0,245.0,1.0,12.0,38.0,32.0,4.9,15.3,3.1,2.0,
63.0,Tom Brady,29.0,NWE,QB,16.0,16.0,49.0,102.0,0.0,13.0,32.7,22.0,2.1,6.4,3.1,12.0,
64.0,Arlen Harris,26.0,DET,RB,10.0,3.0,49.0,158.0,1.0,8.0,38.8,20.0,3.2,15.8,4.9,0.0,
65.0,Philip Rivers,25.0,SDG,QB,16.0,16.0,48.0,49.0,0.0,8.0,25.0,15.0,1.0,3.1,3.0,8.0,PB
66.0,Charlie Frye,25.0,CLE,QB,13.0,13.0,47.0,215.0,3.0,17.0,55.3,17.0,4.6,16.5,3.6,8.0,
67.0,David Garrard,28.0,JAX,QB,11.0,10.0,47.0,250.0,0.0,20.0,53.2,20.0,5.3,22.7,4.3,4.0,
68.0,Steve McNair,33.0,BAL,QB,16.0,16.0,45.0,119.0,1.0,16.0,37.8,19.0,2.6,7.4,2.8,7.0,
69.0,Alex Smith,22.0,SFO,QB,16.0,16.0,44.0,147.0,2.0,13.0,38.6,22.0,3.3,9.2,2.8,10.0,
70.0,Artose Pinner,28.0,MIN,RB,12.0,1.0,43.0,190.0,3.0,13.0,48.8,21.0,4.4,15.8,3.6,1.0,
71.0,Drew Brees,27.0,NOR,QB,16.0,16.0,42.0,32.0,0.0,5.0,11.9,16.0,0.8,2.0,2.6,8.0,"PB,AP-1,AP MVP-2,AP OPoY-2,AP CPoY-2"
72.0,Chris Brown,25.0,TEN,RB,5.0,3.0,41.0,156.0,0.0,8.0,41.5,21.0,3.8,31.2,8.2,1.0,
73.0,Bruce Gradkowski,23.0,TAM,QB,13.0,11.0,41.0,161.0,0.0,13.0,63.4,14.0,3.9,12.4,3.2,11.0,
74.0,Stephen Davis,32.0,STL,RB,15.0,0.0,40.0,177.0,0.0,10.0,47.5,16.0,4.4,11.8,2.7,1.0,
75.0,Mike Anderson,33.0,BAL,RB,16.0,0.0,39.0,183.0,1.0,10.0,41.0,34.0,4.7,11.4,2.4,0.0,
76.0,Zack Crockett,34.0,OAK,FB,16.0,9.0,39.0,163.0,0.0,14.0,64.1,17.0,4.2,10.2,2.4,2.0,
77.0,T.J. Duckett,25.0,WAS,RB,10.0,0.0,38.0,132.0,2.0,9.0,36.8,19.0,3.5,13.2,3.8,1.0,
78.0,J.P. Losman,25.0,BUF,QB,16.0,16.0,38.0,140.0,1.0,14.0,47.4,15.0,3.7,8.8,2.4,13.0,
79.0,Michael Robinson,23.0,SFO,FB,16.0,0.0,38.0,116.0,2.0,6.0,34.2,33.0,3.1,7.3,2.4,0.0,
80.0,Noah Herron,24.0,GNB,RB,16.0,0.0,37.0,150.0,1.0,7.0,48.6,19.0,4.1,9.4,2.3,2.0,
81.0,Michael Bennett,28.0,KAN,RB,11.0,0.0,36.0,200.0,0.0,8.0,50.0,41.0,5.6,18.2,3.3,1.0,
82.0,Jake Plummer,32.0,DEN,QB,16.0,11.0,36.0,112.0,1.0,10.0,38.9,19.0,3.1,7.0,2.3,7.0,
83.0,Musa Smith,24.0,BAL,RB,12.0,0.0,36.0,153.0,0.0,7.0,38.9,30.0,4.3,12.8,3.0,1.0,
84.0,Chad Pennington,30.0,NYJ,QB,16.0,16.0,35.0,109.0,0.0,12.0,42.9,15.0,3.1,6.8,2.2,7.0,AP CPoY-1
85.0,Jon Kitna,34.0,DET,QB,16.0,16.0,34.0,156.0,2.0,9.0,38.2,18.0,4.6,9.8,2.1,11.0,
86.0,Tony Romo,26.0,DAL,QB,16.0,10.0,34.0,102.0,0.0,9.0,38.2,16.0,3.0,6.4,2.1,9.0,PB
87.0,Mack Strong,35.0,SEA,FB,16.0,10.0,33.0,149.0,1.0,12.0,39.4,17.0,4.5,9.3,2.1,2.0,PB
88.0,Donovan McNabb,30.0,PHI,QB,10.0,10.0,32.0,212.0,3.0,15.0,59.4,37.0,6.6,21.2,3.2,3.0,
89.0,Ben Roethlisberger,24.0,PIT,QB,15.0,15.0,32.0,98.0,2.0,11.0,34.4,20.0,3.1,6.5,2.1,5.0,
90.0,Maurice Hicks,28.0,SFO,RB,16.0,0.0,29.0,82.0,0.0,4.0,41.4,9.0,2.8,5.1,1.8,2.0,
91.0,Brad Johnson,38.0,MIN,QB,15.0,14.0,29.0,82.0,1.0,6.0,44.8,10.0,2.8,5.5,1.9,9.0,
92.0,Lorenzo Neal,36.0,SDG,FB,16.0,11.0,29.0,140.0,1.0,21.0,75.9,43.0,4.8,8.8,1.8,2.0,"PB,AP-1"
93.0,Chris Taylor,23.0,HOU,RB,4.0,0.0,28.0,123.0,1.0,7.0,42.9,17.0,4.4,30.8,7.0,0.0,
94.0,Heath Evans,28.0,NWE,FB,16.0,3.0,27.0,117.0,0.0,9.0,51.9,35.0,4.3,7.3,1.7,1.0,
95.0,Carson Palmer,27.0,CIN,QB,16.0,16.0,26.0,37.0,0.0,6.0,34.6,11.0,1.4,2.3,1.6,15.0,"PB,AP CPoY-3"
96.0,Derrick Blaylock,27.0,NYJ,RB,4.0,2.0,25.0,44.0,0.0,0.0,20.0,6.0,1.8,11.0,6.3,0.0,
97.0,Kevin Faulk,30.0,NWE,RB,15.0,1.0,25.0,123.0,1.0,6.0,44.0,11.0,4.9,8.2,1.7,2.0,
98.0,Jeff Garcia,36.0,PHI,QB,8.0,6.0,25.0,87.0,0.0,7.0,44.0,12.0,3.5,10.9,3.1,6.0,AP CPoY-5
99.0,Byron Leftwich,26.0,JAX,QB,6.0,6.0,25.0,41.0,2.0,5.0,40.0,7.0,1.6,6.8,4.2,2.0,
100.0,Eli Manning,25.0,NYG,QB,16.0,16.0,25.0,21.0,0.0,5.0,24.0,9.0,0.8,1.3,1.6,9.0,
101.0,Kenny Watson,28.0,CIN,RB,16.0,0.0,25.0,138.0,1.0,5.0,48.0,18.0,5.5,8.6,1.6,0.0,
102.0,Jason Campbell,24.0,WAS,QB,7.0,7.0,24.0,107.0,0.0,8.0,41.7,15.0,4.5,15.3,3.4,1.0,
103.0,Aveion Cason,27.0,DET,RB,6.0,2.0,24.0,94.0,0.0,4.0,45.8,16.0,3.9,15.7,4.0,0.0,
104.0,Rex Grossman,26.0,CHI,QB,16.0,16.0,24.0,2.0,0.0,4.0,16.7,22.0,0.1,0.1,1.5,8.0,
105.0,Mewelde Moore,24.0,MIN,RB,16.0,0.0,24.0,131.0,0.0,4.0,33.3,15.0,5.5,8.2,1.5,3.0,
106.0,Brett Favre,37.0,GNB,QB,16.0,16.0,23.0,29.0,1.0,4.0,21.7,14.0,1.3,1.8,1.4,8.0,
107.0,Peyton Manning,30.0,IND,QB,16.0,16.0,23.0,36.0,4.0,7.0,30.4,12.0,1.6,2.3,1.4,2.0,"PB,AP-2,AP MVP-3,AP OPoY-3"
108.0,Kyle Boller,25.0,BAL,QB,5.0,0.0,22.0,34.0,0.0,3.0,22.7,10.0,1.5,6.8,4.4,3.0,
109.0,Aaron Brooks,30.0,OAK,QB,8.0,8.0,22.0,124.0,0.0,5.0,45.5,23.0,5.6,15.5,2.8,5.0,
110.0,Brad Hoover,30.0,CAR,FB,16.0,12.0,22.0,73.0,1.0,10.0,54.5,17.0,3.3,4.6,1.4,2.0,
111.0,Matt Leinart,23.0,ARI,QB,12.0,11.0,22.0,49.0,2.0,6.0,31.8,14.0,2.2,4.1,1.8,8.0,
112.0,Ryan Moats,24.0,PHI,RB,8.0,0.0,22.0,69.0,0.0,5.0,45.5,13.0,3.1,8.6,2.8,0.0,
113.0,ReShard Lee,26.0,OAK,RB,16.0,3.0,21.0,72.0,2.0,7.0,52.4,13.0,3.4,4.5,1.3,1.0,
114.0,Jerome Harrison,23.0,CLE,RB,10.0,1.0,20.0,60.0,0.0,4.0,30.0,15.0,3.0,6.0,2.0,1.0,
115.0,Trent Green,36.0,KAN,QB,8.0,8.0,19.0,59.0,0.0,5.0,36.8,10.0,3.1,7.4,2.4,5.0,
116.0,Justin Griffith,26.0,ATL,FB,16.0,11.0,19.0,106.0,1.0,2.0,52.6,21.0,5.6,6.6,1.2,3.0,
117.0,Joey Harrington,28.0,MIA,QB,11.0,11.0,19.0,24.0,0.0,6.0,36.8,7.0,1.3,2.2,1.7,4.0,
118.0,Travis Minor,27.0,MIA,RB,16.0,0.0,19.0,74.0,0.0,3.0,36.8,9.0,3.9,4.6,1.2,0.0,
119.0,Alvin Pearman,24.0,JAX,RB,13.0,0.0,19.0,89.0,1.0,6.0,57.9,12.0,4.7,6.8,1.5,2.0,
120.0,Antwaan Randle El,27.0,WAS,WR,16.0,16.0,19.0,118.0,0.0,4.0,52.6,20.0,6.2,7.4,1.2,2.0,
121.0,Marc Bulger,29.0,STL,QB,16.0,16.0,18.0,44.0,0.0,5.0,27.8,29.0,2.4,2.8,1.1,6.0,PB
122.0,Jake Delhomme,31.0,CAR,QB,13.0,13.0,18.0,12.0,0.0,2.0,11.1,12.0,0.7,0.9,1.4,6.0,
123.0,Ciatrick Fason,24.0,MIN,RB,5.0,0.0,18.0,99.0,1.0,6.0,50.0,15.0,5.5,19.8,3.6,0.0,
124.0,Matt Hasselbeck,31.0,SEA,QB,12.0,12.0,18.0,110.0,0.0,8.0,55.6,19.0,6.1,9.2,1.5,3.0,
125.0,Damien Nash,24.0,DEN,RB,3.0,0.0,18.0,66.0,0.0,2.0,33.3,26.0,3.7,22.0,6.0,0.0,
126.0,Brad Smith,23.0,NYJ,WR/QB,16.0,3.0,18.0,103.0,0.0,12.0,72.2,32.0,5.7,6.4,1.1,1.0,
127.0,Marcel Shipp,28.0,ARI,RB,15.0,0.0,17.0,41.0,4.0,8.0,47.1,9.0,2.4,2.7,1.1,0.0,
128.0,Verron Haynes,27.0,PIT,RB,7.0,0.0,15.0,78.0,0.0,4.0,60.0,13.0,5.2,11.1,2.1,1.0,
129.0,Tarvaris Jackson,23.0,MIN,QB,4.0,2.0,15.0,77.0,1.0,4.0,53.3,13.0,5.1,19.3,3.8,4.0,
130.0,Jeremi Johnson,26.0,CIN,FB,16.0,11.0,15.0,56.0,1.0,3.0,53.3,15.0,3.7,3.5,0.9,0.0,
131.0,J.J. Arrington,23.0,ARI,RB,16.0,0.0,14.0,19.0,0.0,0.0,7.1,9.0,1.4,1.2,0.9,1.0,
132.0,Andrew Walter,24.0,OAK,QB,12.0,8.0,14.0,30.0,0.0,2.0,21.4,12.0,2.1,2.5,1.2,13.0,
133.0,Charlie Batch,32.0,PIT,QB,8.0,1.0,13.0,15.0,0.0,1.0,7.7,12.0,1.2,1.9,1.6,1.0,
134.0,Mark Brunell,36.0,WAS,QB,10.0,9.0,13.0,34.0,0.0,4.0,30.8,12.0,2.6,3.4,1.3,5.0,
135.0,Tyson Thompson,25.0,DAL,RB,7.0,0.0,13.0,30.0,1.0,1.0,23.1,7.0,2.3,4.3,1.9,0.0,
136.0,Kurt Warner,35.0,ARI,QB,6.0,5.0,13.0,3.0,0.0,3.0,23.1,9.0,0.2,0.5,2.2,10.0,
137.0,Jay Cutler,23.0,DEN,QB,5.0,5.0,12.0,18.0,0.0,1.0,25.0,9.0,1.5,3.6,2.4,8.0,
138.0,Ovie Mughelli,26.0,BAL,FB,16.0,8.0,12.0,50.0,0.0,4.0,58.3,12.0,4.2,3.1,0.8,1.0,AP-2
139.0,Mike Sellers,31.0,WAS,FB,16.0,6.0,12.0,51.0,0.0,7.0,91.7,13.0,4.3,3.2,0.8,1.0,
140.0,Seneca Wallace,26.0,SEA,QB,8.0,4.0,12.0,122.0,0.0,6.0,50.0,37.0,10.2,15.3,1.5,5.0,
141.0,Nick Goings,28.0,CAR,RB,11.0,0.0,11.0,52.0,0.0,2.0,18.2,28.0,4.7,4.7,1.0,0.0,
142.0,Earnest Graham,26.0,TAM,RB,16.0,0.0,11.0,59.0,0.0,2.0,54.5,17.0,5.4,3.7,0.7,0.0,
143.0,Mike Karney,25.0,NOR,FB,15.0,7.0,11.0,33.0,1.0,7.0,72.7,8.0,3.0,2.2,0.7,0.0,AP-2
144.0,Jamaal Branch,25.0,NOR,RB,1.0,0.0,10.0,29.0,0.0,2.0,30.0,9.0,2.9,29.0,10.0,0.0,
145.0,Dee Brown,28.0,KAN,RB,15.0,0.0,10.0,24.0,0.0,1.0,20.0,7.0,2.4,1.6,0.7,1.0,
146.0,Daunte Culpepper,29.0,MIA,QB,4.0,4.0,10.0,20.0,1.0,3.0,30.0,7.0,2.0,5.0,2.5,3.0,
147.0,Chris Perry,25.0,CIN,RB,6.0,1.0,10.0,57.0,0.0,3.0,60.0,18.0,5.7,9.5,1.7,2.0,
148.0,Adrian Peterson,27.0,CHI,RB,16.0,0.0,10.0,41.0,2.0,6.0,50.0,11.0,4.1,2.6,0.6,2.0,
149.0,Cecil Sapp,28.0,DEN,RB,11.0,1.0,10.0,80.0,0.0,4.0,50.0,28.0,8.0,7.3,0.9,0.0,
150.0,LaBrandon Toefield,26.0,JAX,RB,4.0,0.0,10.0,22.0,0.0,1.0,40.0,12.0,2.2,5.5,2.5,0.0,
151.0,Obafemi Ayanbadejo,31.0,ARI,RB,14.0,0.0,9.0,37.0,0.0,5.0,66.7,11.0,4.1,2.6,0.6,1.0,
152.0,Damon Huard,33.0,KAN,QB,10.0,8.0,9.0,9.0,0.0,0.0,11.1,8.0,1.0,0.9,0.9,9.0,
153.0,Javon Walker,28.0,DEN,WR,16.0,16.0,9.0,123.0,1.0,4.0,55.6,72.0,13.7,7.7,0.6,0.0,AP CPoY-6
154.0,Drew Bledsoe,34.0,DAL,QB,6.0,6.0,8.0,28.0,2.0,6.0,75.0,11.0,3.5,4.7,1.3,3.0,
155.0,Chris Chambers,28.0,MIA,WR,16.0,16.0,8.0,95.0,0.0,4.0,62.5,39.0,11.9,5.9,0.5,0.0,
156.0,Jason McKie,26.0,CHI,FB,15.0,12.0,8.0,18.0,0.0,0.0,25.0,7.0,2.3,1.2,0.5,0.0,
157.0,Eric Shelton,23.0,CAR,RB,9.0,0.0,8.0,23.0,0.0,1.0,25.0,9.0,2.9,2.6,0.9,0.0,
158.0,Steve Smith Sr.,27.0,CAR,WR,14.0,14.0,8.0,61.0,1.0,3.0,62.5,24.0,7.6,4.4,0.6,2.0,PB
159.0,Terrelle Smith,28.0,CLE,FB,16.0,8.0,8.0,14.0,0.0,1.0,12.5,3.0,1.8,0.9,0.5,0.0,
160.0,Vinny Testaverde,43.0,NWE,QB,3.0,0.0,8.0,-8.0,0.0,0.0,0.0,-1.0,-1.0,-2.7,2.7,0.0,
161.0,Brian Calhoun,22.0,DET,RB,7.0,0.0,7.0,19.0,0.0,0.0,14.3,7.0,2.7,2.7,1.0,1.0,
162.0,Mark Clayton,24.0,BAL,WR,16.0,12.0,7.0,-30.0,0.0,0.0,0.0,3.0,-4.3,-1.9,0.4,0.0,
163.0,Donald Driver,31.0,GNB,WR,16.0,16.0,7.0,16.0,0.0,2.0,42.9,16.0,2.3,1.0,0.4,1.0,PB
164.0,Bryan Gilmore,28.0,SFO,WR,16.0,3.0,7.0,94.0,0.0,5.0,85.7,22.0,13.4,5.9,0.4,1.0,
165.0,Ahmard Hall,27.0,TEN,FB,14.0,7.0,7.0,21.0,0.0,3.0,57.1,11.0,3.0,1.5,0.5,1.0,
166.0,Santana Moss,27.0,WAS,WR,14.0,14.0,7.0,82.0,0.0,3.0,57.1,35.0,11.7,5.9,0.5,2.0,
167.0,Lousaka Polite,25.0,DAL,RB,12.0,0.0,7.0,18.0,0.0,1.0,28.6,4.0,2.6,1.5,0.6,0.0,
168.0,Matt Schaub,25.0,ATL,QB,16.0,0.0,7.0,21.0,0.0,2.0,28.6,19.0,3.0,1.3,0.4,1.0,
169.0,Reggie Williams,23.0,JAX,WR,16.0,14.0,7.0,33.0,0.0,3.0,71.4,10.0,4.7,2.1,0.4,1.0,
170.0,B.J. Askew,26.0,NYJ,FB,13.0,5.0,6.0,11.0,0.0,1.0,33.3,5.0,1.8,0.8,0.5,0.0,
171.0,Tony Fisher,27.0,STL,RB,8.0,0.0,6.0,9.0,0.0,0.0,16.7,4.0,1.5,1.1,0.8,0.0,
172.0,Brian Griese,31.0,CHI,QB,6.0,0.0,6.0,-5.0,0.0,0.0,0.0,,-0.8,-0.8,1.0,1.0,
173.0,Chad Johnson,28.0,CIN,WR,16.0,16.0,6.0,24.0,0.0,0.0,50.0,8.0,4.0,1.5,0.4,1.0,"PB,AP-1"
174.0,Patrick Pass,28.0,NWE,FB,3.0,0.0,6.0,21.0,0.0,1.0,83.3,6.0,3.5,7.0,2.0,1.0,
175.0,Lee Suggs,26.0,MIA,RB,4.0,0.0,6.0,26.0,0.0,0.0,0.0,7.0,4.3,6.5,1.5,0.0,
176.0,Arnaz Battle,26.0,SFO,WR,16.0,15.0,5.0,25.0,0.0,2.0,40.0,18.0,5.0,1.6,0.3,2.0,
177.0,Anquan Boldin,26.0,ARI,WR,16.0,16.0,5.0,28.0,0.0,2.0,40.0,18.0,5.6,1.8,0.3,1.0,PB
178.0,Rock Cartwright,27.0,WAS,FB,16.0,0.0,5.0,15.0,0.0,0.0,0.0,9.0,3.0,0.9,0.3,1.0,
179.0,Michael Clayton,24.0,TAM,WR,12.0,9.0,5.0,41.0,0.0,2.0,80.0,27.0,8.2,3.4,0.4,2.0,
180.0,Jerricho Cotchery,24.0,NYJ,WR,16.0,16.0,5.0,25.0,0.0,1.0,60.0,10.0,5.0,1.6,0.3,0.0,
181.0,Ronnie Cruz,25.0,KAN,RB,5.0,3.0,5.0,19.0,0.0,0.0,60.0,7.0,3.8,3.8,1.0,0.0,
182.0,Kyle Johnson,28.0,DEN,FB,14.0,7.0,5.0,30.0,0.0,1.0,40.0,15.0,6.0,2.1,0.4,0.0,
183.0,Peerless Price,30.0,BUF,WR,16.0,15.0,5.0,18.0,0.0,2.0,60.0,9.0,3.6,1.1,0.3,1.0,
184.0,Tony Richardson,35.0,MIN,FB,9.0,7.0,5.0,12.0,0.0,2.0,40.0,3.0,2.4,1.3,0.6,0.0,
185.0,Thomas Tapeh,26.0,PHI,FB,16.0,8.0,5.0,9.0,0.0,2.0,60.0,4.0,1.8,0.6,0.3,0.0,
186.0,Derek Anderson,23.0,CLE,QB,5.0,3.0,4.0,47.0,0.0,2.0,75.0,33.0,11.8,9.4,0.8,2.0,
187.0,Deion Branch,27.0,SEA,WR,14.0,13.0,4.0,30.0,0.0,1.0,50.0,19.0,7.5,2.1,0.3,0.0,
188.0,Kevin Curtis,28.0,STL,WR,16.0,1.0,4.0,4.0,0.0,1.0,50.0,7.0,1.0,0.3,0.3,1.0,
189.0,Chad Jackson,21.0,NWE,WR,12.0,1.0,4.0,22.0,0.0,2.0,75.0,14.0,5.5,1.8,0.3,0.0,
190.0,Bethel Johnson,27.0,MIN,WR,11.0,2.0,4.0,8.0,0.0,1.0,75.0,5.0,2.0,0.7,0.4,1.0,
191.0,Eddie Kennison,33.0,KAN,WR,16.0,16.0,4.0,16.0,0.0,0.0,50.0,9.0,4.0,1.0,0.3,0.0,
192.0,Keylon Kincade,24.0,DAL,RB,1.0,0.0,4.0,9.0,0.0,0.0,0.0,7.0,2.3,9.0,4.0,0.0,
193.0,Reno Mahe,26.0,PHI,RB,12.0,1.0,4.0,18.0,0.0,0.0,25.0,11.0,4.5,1.5,0.3,4.0,
194.0,Andrew Pinnock,26.0,SDG,FB,3.0,0.0,4.0,25.0,0.0,1.0,75.0,15.0,6.3,8.3,1.3,0.0,
195.0,Tim Rattay,29.0,TAM,QB,4.0,2.0,4.0,3.0,0.0,1.0,25.0,4.0,0.8,0.8,1.0,2.0,
196.0,Josh Reed,26.0,BUF,WR,13.0,1.0,4.0,13.0,0.0,2.0,50.0,15.0,3.3,1.0,0.3,0.0,
197.0,Sage Rosenfels,28.0,HOU,QB,4.0,0.0,4.0,5.0,0.0,0.0,25.0,7.0,1.3,1.3,1.0,0.0,
198.0,Chris Simms,26.0,TAM,QB,3.0,3.0,4.0,7.0,1.0,1.0,25.0,3.0,1.8,2.3,1.3,0.0,
199.0,Aaron Stecker,31.0,NOR,RB,12.0,1.0,4.0,11.0,0.0,0.0,25.0,4.0,2.8,0.9,0.3,0.0,
200.0,Marques Tuiasosopo,27.0,OAK,QB,2.0,0.0,4.0,29.0,0.0,2.0,100.0,11.0,7.3,14.5,2.0,1.0,
201.0,Chris Weinke,34.0,CAR,QB,3.0,3.0,4.0,16.0,0.0,1.0,50.0,13.0,4.0,5.3,1.3,2.0,
202.0,Anthony Wright,30.0,CIN,QB,4.0,0.0,4.0,-12.0,0.0,0.0,0.0,-1.0,-3.0,-3.0,1.0,0.0,
203.0,Rich Alexis,25.0,JAX,RB,1.0,0.0,3.0,5.0,0.0,0.0,0.0,3.0,1.7,5.0,3.0,0.0,
204.0,Marty Booker,30.0,MIA,WR,14.0,13.0,3.0,19.0,0.0,1.0,33.3,18.0,6.3,1.4,0.2,0.0,
205.0,Reggie Brown,25.0,PHI,WR,16.0,15.0,3.0,24.0,1.0,1.0,66.7,15.0,8.0,1.5,0.2,0.0,
206.0,Ran Carthon,25.0,IND,RB,3.0,0.0,3.0,4.0,1.0,1.0,33.3,3.0,1.3,1.3,1.0,0.0,
207.0,Cedric Cobbs,25.0,DEN,RB,2.0,0.0,3.0,9.0,0.0,0.0,0.0,5.0,3.0,4.5,1.5,0.0,
208.0,Jameel Cook,27.0,HOU,FB,11.0,6.0,3.0,18.0,0.0,2.0,66.7,14.0,6.0,1.6,0.3,2.0,
209.0,Brodie Croyle,23.0,KAN,QB,2.0,0.0,3.0,-3.0,0.0,0.0,0.0,-1.0,-1.0,-1.5,1.5,0.0,
210.0,Braylon Edwards,23.0,CLE,WR,16.0,15.0,3.0,7.0,0.0,1.0,66.7,8.0,2.3,0.4,0.2,0.0,
211.0,Ryan Fitzpatrick,24.0,STL,QB,1.0,0.0,3.0,0.0,0.0,1.0,33.3,,0.0,0.0,3.0,0.0,
212.0,Terry Glenn,32.0,DAL,WR,15.0,14.0,3.0,11.0,0.0,1.0,33.3,22.0,3.7,0.7,0.2,0.0,
213.0,Dante Hall,28.0,KAN,WR,15.0,0.0,3.0,11.0,0.0,0.0,33.3,9.0,3.7,0.7,0.2,2.0,
214.0,Kay-Jay Harris,27.0,STL,RB,7.0,0.0,3.0,9.0,0.0,0.0,0.0,9.0,3.0,1.3,0.4,0.0,
215.0,T.J. Houshmandzadeh,29.0,CIN,WR,14.0,13.0,3.0,6.0,0.0,1.0,33.3,13.0,2.0,0.4,0.2,0.0,
216.0,Vincent Jackson,23.0,SDG,WR,16.0,7.0,3.0,16.0,0.0,0.0,66.7,8.0,5.3,1.0,0.2,0.0,
217.0,Andre Johnson,25.0,HOU,WR,16.0,16.0,3.0,14.0,0.0,1.0,66.7,18.0,4.7,0.9,0.2,1.0,"PB,AP-2"
218.0,Cleo Lemon,27.0,MIA,QB,4.0,1.0,3.0,7.0,0.0,0.0,33.3,6.0,2.3,1.8,0.8,0.0,
219.0,Fred McAfee,38.0,NOR,RB,4.0,0.0,3.0,12.0,1.0,1.0,33.3,6.0,4.0,3.0,0.8,0.0,
220.0,Dennis Northcutt,29.0,CLE,WR,13.0,6.0,3.0,32.0,0.0,1.0,33.3,16.0,10.7,2.5,0.2,1.0,
221.0,Samie Parker,25.0,KAN,WR,16.0,15.0,3.0,7.0,0.0,0.0,33.3,5.0,2.3,0.4,0.2,0.0,
222.0,Derrick Ross,23.0,KAN,RB,7.0,0.0,3.0,8.0,0.0,0.0,0.0,4.0,2.7,1.1,0.4,1.0,
223.0,Lawrence Vickers,23.0,CLE,FB,16.0,1.0,3.0,2.0,0.0,0.0,0.0,2.0,0.7,0.1,0.2,0.0,
224.0,Billy Volek,30.0,SDG,QB,1.0,0.0,3.0,-3.0,0.0,0.0,0.0,-1.0,-1.0,-3.0,3.0,0.0,
225.0,Nate Washington,23.0,PIT,WR,16.0,2.0,3.0,8.0,0.0,1.0,33.3,8.0,2.7,0.5,0.2,0.0,
226.0,Marquis Weeks,26.0,SEA,RB,10.0,0.0,3.0,8.0,0.0,0.0,0.0,3.0,2.7,0.8,0.3,0.0,
227.0,Bernard Berrian,26.0,CHI,WR,15.0,14.0,2.0,5.0,0.0,0.0,50.0,5.0,2.5,0.3,0.1,2.0,
228.0,Troy Brown,35.0,NWE,WR,16.0,9.0,2.0,18.0,0.0,1.0,50.0,16.0,9.0,1.1,0.1,0.0,
229.0,Shawn Bryson,30.0,DET,RB,6.0,1.0,2.0,1.0,0.0,0.0,0.0,1.0,0.5,0.2,0.3,0.0,
230.0,Drew Carter,25.0,CAR,WR,14.0,2.0,2.0,18.0,0.0,1.0,100.0,11.0,9.0,1.3,0.1,0.0,
231.0,Matt Cassel,24.0,NWE,QB,6.0,0.0,2.0,4.0,0.0,1.0,50.0,5.0,2.0,0.7,0.3,1.0,
232.0,Kellen Clemens,23.0,NYJ,QB,2.0,0.0,2.0,10.0,0.0,0.0,0.0,8.0,5.0,5.0,1.0,1.0,
233.0,Laveranues Coles,29.0,NYJ,WR,16.0,16.0,2.0,14.0,0.0,1.0,50.0,15.0,7.0,0.9,0.1,1.0,
234.0,Josh Cribbs,23.0,CLE,WR,16.0,1.0,2.0,11.0,0.0,0.0,50.0,9.0,5.5,0.7,0.1,3.0,
235.0,Vernon Davis,22.0,SFO,TE,10.0,8.0,2.0,5.0,0.0,0.0,50.0,9.0,2.5,0.5,0.2,1.0,
236.0,Tim Dwight,31.0,NYJ,WR,9.0,2.0,2.0,28.0,0.0,1.0,50.0,28.0,14.0,3.1,0.2,1.0,
237.0,Devale Ellis,22.0,DET,WR,9.0,2.0,2.0,3.0,0.0,1.0,50.0,12.0,1.5,0.3,0.2,1.0,
238.0,Jim Finn,30.0,NYG,FB,16.0,11.0,2.0,14.0,0.0,0.0,0.0,12.0,7.0,0.9,0.1,0.0,
239.0,Joey Galloway,35.0,TAM,WR,16.0,14.0,2.0,9.0,0.0,0.0,50.0,7.0,4.5,0.6,0.1,0.0,
240.0,Quinn Gray,27.0,JAX,QB,2.0,0.0,2.0,26.0,2.0,2.0,100.0,17.0,13.0,13.0,1.0,0.0,
241.0,Devery Henderson,24.0,NOR,WR,13.0,7.0,2.0,14.0,1.0,2.0,100.0,11.0,7.0,1.1,0.2,0.0,
242.0,Michael Jennings,27.0,NYG,WR,8.0,0.0,2.0,12.0,0.0,1.0,50.0,21.0,6.0,1.5,0.3,0.0,
243.0,Adam Jones,23.0,TEN,RCB,15.0,15.0,2.0,8.0,0.0,1.0,50.0,7.0,4.0,0.5,0.1,4.0,
244.0,Matt Jones,23.0,JAX,WR,14.0,4.0,2.0,-15.0,0.0,0.0,0.0,-6.0,-7.5,-1.1,0.1,1.0,
245.0,John Kuhn,24.0,PIT,FB,9.0,0.0,2.0,18.0,0.0,1.0,50.0,16.0,9.0,2.0,0.2,0.0,
246.0,Brandon Marshall,22.0,DEN,WR,15.0,1.0,2.0,12.0,0.0,1.0,50.0,6.0,6.0,0.8,0.1,1.0,
247.0,Ingle Martin,24.0,GNB,QB,1.0,0.0,2.0,-5.0,0.0,0.0,0.0,-2.0,-2.5,-5.0,2.0,0.0,
248.0,Brian Moorman,30.0,BUF,P,16.0,0.0,2.0,2.0,0.0,1.0,50.0,2.0,1.0,0.1,0.1,1.0,"PB,AP-1"
249.0,Moran Norris,28.0,SFO,FB,14.0,7.0,2.0,8.0,0.0,1.0,100.0,4.0,4.0,0.6,0.1,0.0,
250.0,Eric Parker,27.0,SDG,WR,15.0,12.0,2.0,19.0,0.0,1.0,50.0,18.0,9.5,1.3,0.1,0.0,
251.0,Roscoe Parrish,24.0,BUF,WR,16.0,1.0,2.0,18.0,0.0,1.0,100.0,11.0,9.0,1.1,0.1,2.0,
252.0,Tab Perry,24.0,CIN,WR,2.0,0.0,2.0,4.0,0.0,0.0,0.0,2.0,2.0,2.0,1.0,0.0,
253.0,Aaron Rodgers,23.0,GNB,QB,2.0,0.0,2.0,11.0,0.0,1.0,50.0,6.0,5.5,5.5,1.0,1.0,
254.0,Edell Shepherd,26.0,HOU,WR,7.0,0.0,2.0,5.0,0.0,0.0,0.0,6.0,2.5,0.7,0.3,2.0,
255.0,Maurice Stovall,21.0,TAM,WR,9.0,2.0,2.0,29.0,0.0,2.0,100.0,18.0,14.5,3.2,0.2,0.0,
256.0,Matt Turk,38.0,STL,P,16.0,0.0,2.0,19.0,0.0,1.0,50.0,16.0,9.5,1.2,0.1,1.0,
257.0,Hines Ward,30.0,PIT,WR,14.0,14.0,2.0,30.0,0.0,0.0,100.0,21.0,15.0,2.1,0.1,2.0,
258.0,Charlie Whitehurst,24.0,SDG,QB,2.0,0.0,2.0,13.0,1.0,1.0,50.0,14.0,6.5,6.5,1.0,0.0,
259.0,Roy Williams,25.0,DET,WR,16.0,16.0,2.0,2.0,0.0,0.0,0.0,2.0,1.0,0.1,0.1,2.0,PB
260.0,Shaud Williams,26.0,BUF,RB,5.0,0.0,2.0,2.0,0.0,0.0,0.0,2.0,1.0,0.4,0.4,0.0,
261.0,Cedrick Wilson,28.0,PIT,WR,15.0,12.0,2.0,14.0,0.0,1.0,50.0,14.0,7.0,0.9,0.1,2.0,
262.0,Quincy Wilson,25.0,CIN,RB,3.0,0.0,2.0,2.0,0.0,0.0,0.0,5.0,1.0,0.7,0.7,0.0,
263.0,Brett Basanez,23.0,CAR,QB,1.0,0.0,1.0,2.0,0.0,0.0,0.0,2.0,2.0,2.0,1.0,0.0,
264.0,Reche Caldwell,27.0,NWE,WR,16.0,14.0,1.0,5.0,0.0,0.0,100.0,5.0,5.0,0.3,0.1,2.0,
265.0,Dustin Colquitt,24.0,KAN,P,16.0,0.0,1.0,0.0,0.0,0.0,0.0,,0.0,0.0,0.1,2.0,
266.0,Terrance Copper,24.0,NOR,WR,15.0,4.0,1.0,8.0,0.0,1.0,100.0,8.0,8.0,0.5,0.1,2.0,
267.0,Ronald Curry,27.0,OAK,WR,16.0,4.0,1.0,4.0,0.0,0.0,100.0,4.0,4.0,0.3,0.1,0.0,
268.0,Eddie Drummond,26.0,DET,WR,14.0,0.0,1.0,4.0,0.0,0.0,100.0,4.0,4.0,0.3,0.1,4.0,
269.0,Jason Elam,36.0,DEN,K,16.0,0.0,1.0,2.0,0.0,1.0,100.0,2.0,2.0,0.1,0.1,0.0,
270.0,Bobby Engram,33.0,SEA,WR,7.0,6.0,1.0,4.0,0.0,0.0,0.0,4.0,4.0,0.6,0.1,0.0,
271.0,A.J. Feeley,29.0,PHI,QB,2.0,0.0,1.0,3.0,0.0,0.0,0.0,3.0,3.0,1.5,0.5,1.0,
272.0,David Givens,26.0,TEN,WR,5.0,5.0,1.0,3.0,0.0,0.0,0.0,3.0,3.0,0.6,0.2,0.0,
273.0,Lamar Gordon,26.0,DET,RB,1.0,0.0,1.0,2.0,0.0,0.0,0.0,2.0,2.0,2.0,1.0,0.0,
274.0,Ben Graham,33.0,NYJ,P,16.0,0.0,1.0,0.0,0.0,0.0,0.0,,0.0,0.0,0.1,1.0,
275.0,Az-Zahir Hakim,29.0,DET,WR,6.0,0.0,1.0,1.0,0.0,1.0,0.0,1.0,1.0,0.2,0.2,0.0,
276.0,Madison Hedgecock,25.0,STL,FB,16.0,9.0,1.0,2.0,0.0,1.0,100.0,2.0,2.0,0.1,0.1,0.0,
277.0,Santonio Holmes,22.0,PIT,WR,16.0,4.0,1.0,13.0,0.0,1.0,100.0,13.0,13.0,0.8,0.1,5.0,
278.0,Marlion Jackson,29.0,ATL,RB,1.0,0.0,1.0,2.0,0.0,0.0,0.0,2.0,2.0,2.0,1.0,0.0,
279.0,Michael Jenkins,24.0,ATL,WR,16.0,16.0,1.0,2.0,0.0,0.0,0.0,2.0,2.0,0.1,0.1,0.0,
280.0,Adam Jennings,24.0,ATL,WR,15.0,0.0,1.0,-4.0,0.0,0.0,0.0,-4.0,-4.0,-0.3,0.1,0.0,
281.0,Bryant Johnson,25.0,ARI,WR,16.0,8.0,1.0,-3.0,0.0,0.0,0.0,-3.0,-3.0,-0.2,0.1,1.0,
282.0,Dirk Johnson,31.0,PHI,P,16.0,0.0,1.0,0.0,0.0,0.0,0.0,,0.0,0.0,0.1,0.0,
283.0,Keyshawn Johnson,34.0,CAR,WR,16.0,16.0,1.0,4.0,1.0,1.0,100.0,4.0,4.0,0.3,0.1,1.0,
284.0,Brandon Jones,24.0,TEN,WR,16.0,10.0,1.0,3.0,0.0,0.0,0.0,3.0,3.0,0.2,0.1,0.0,
285.0,Donnie Jones,26.0,MIA,P,16.0,0.0,1.0,0.0,0.0,0.0,0.0,,0.0,0.0,0.1,1.0,
286.0,Kelvin Kight,24.0,NWE,WR,4.0,1.0,1.0,8.0,0.0,0.0,0.0,8.0,8.0,2.0,0.3,0.0,
287.0,Dan Kreider,29.0,PIT,FB,16.0,12.0,1.0,5.0,0.0,0.0,100.0,5.0,5.0,0.3,0.1,0.0,
288.0,Dane Looker,30.0,STL,WR,16.0,0.0,1.0,13.0,0.0,1.0,100.0,13.0,13.0,0.8,0.1,1.0,
289.0,Jared Lorenzen,25.0,NYG,QB,2.0,0.0,1.0,2.0,0.0,1.0,100.0,2.0,2.0,1.0,0.5,0.0,
290.0,Brandon Manumaleuna,26.0,SDG,TE,16.0,7.0,1.0,1.0,0.0,0.0,0.0,1.0,1.0,0.1,0.1,0.0,
291.0,Derrick Mason,32.0,BAL,WR,16.0,15.0,1.0,-4.0,0.0,0.0,0.0,-4.0,-4.0,-0.3,0.1,1.0,
292.0,Mat McBriar,27.0,DAL,P,16.0,0.0,1.0,0.0,0.0,0.0,0.0,,0.0,0.0,0.1,1.0,"PB,AP-2"
293.0,Keenan McCardell,36.0,SDG,WR,14.0,11.0,1.0,8.0,0.0,0.0,100.0,8.0,8.0,0.6,0.1,2.0,
294.0,Bryant McFadden,25.0,PIT,RCB,16.0,9.0,1.0,-2.0,0.0,0.0,0.0,-2.0,-2.0,-0.1,0.1,0.0,
295.0,Reggie McNeal,23.0,CIN,QB,7.0,0.0,1.0,8.0,0.0,1.0,100.0,8.0,8.0,1.1,0.1,0.0,
296.0,Chad Morton,29.0,NYG,RB,15.0,0.0,1.0,22.0,0.0,1.0,100.0,22.0,22.0,1.5,0.1,2.0,
297.0,Eric Moulds,33.0,HOU,WR,16.0,16.0,1.0,6.0,0.0,0.0,100.0,6.0,6.0,0.4,0.1,1.0,
298.0,Donnie Nickey,26.0,TEN,DB,16.0,0.0,1.0,0.0,0.0,0.0,0.0,,0.0,0.0,0.1,1.0,
299.0,Jarrad Page,22.0,KAN,DB,16.0,2.0,1.0,4.0,0.0,1.0,100.0,4.0,4.0,0.3,0.1,0.0,
300.0,Courtney Roby,23.0,TEN,WR,12.0,0.0,1.0,3.0,0.0,0.0,0.0,3.0,3.0,0.3,0.1,0.0,
301.0,Robert Royal,27.0,BUF,TE,16.0,15.0,1.0,-9.0,0.0,0.0,0.0,-9.0,-9.0,-0.6,0.1,0.0,
302.0,Jon Ryan,25.0,GNB,P,16.0,0.0,1.0,-11.0,0.0,0.0,0.0,-11.0,-11.0,-0.7,0.1,0.0,
303.0,Bo Scaife,25.0,TEN,TE,14.0,12.0,1.0,13.0,1.0,1.0,100.0,13.0,13.0,0.9,0.1,1.0,
304.0,A.J. Schable,22.0,ARI,DE,11.0,0.0,1.0,5.0,0.0,1.0,100.0,5.0,5.0,0.5,0.1,0.0,
305.0,Tony Scheffler,23.0,DEN,TE,13.0,5.0,1.0,3.0,0.0,0.0,100.0,3.0,3.0,0.2,0.1,0.0,
306.0,Mike Scifres,26.0,SDG,P,16.0,0.0,1.0,-7.0,0.0,0.0,0.0,-7.0,-7.0,-0.4,0.1,1.0,
307.0,Jason Simmons,30.0,HOU,DB,16.0,2.0,1.0,0.0,0.0,0.0,0.0,,0.0,0.0,0.1,0.0,
308.0,Rod Smith,36.0,DEN,WR,16.0,16.0,1.0,-5.0,0.0,0.0,0.0,-5.0,-5.0,-0.3,0.1,2.0,
309.0,Chad Stanley,30.0,HOU,P,16.0,0.0,1.0,0.0,0.0,0.0,0.0,,0.0,0.0,0.1,1.0,
310.0,Travis Taylor,28.0,MIN,WR,16.0,16.0,1.0,5.0,0.0,0.0,100.0,5.0,5.0,0.3,0.1,2.0,
311.0,Amani Toomer,32.0,NYG,WR,8.0,8.0,1.0,0.0,0.0,0.0,0.0,,0.0,0.0,0.1,0.0,
312.0,Kevin Walter,25.0,HOU,WR,16.0,2.0,1.0,3.0,0.0,1.0,100.0,3.0,3.0,0.2,0.1,1.0,
313.0,Alvis Whitted,32.0,OAK,WR,14.0,13.0,1.0,4.0,0.0,0.0,100.0,4.0,4.0,0.3,0.1,1.0,
314.0,Derrick Wimbush,26.0,JAX,FB,12.0,6.0,1.0,3.0,0.0,0.0,0.0,3.0,3.0,0.3,0.1,0.0,
315.0,James Adkisson,26.0,OAK,WR,2.0,0.0,0.0,0.0,0.0,0.0,,,,0.0,0.0,0.0,
316.0,Stephen Alexander,31.0,DEN,TE,16.0,14.0,0.0,0.0,0.0,0.0,,,,0.0,0.0,0.0,
317.0,Courtney Anderson,26.0,OAK,TE,16.0,11.0,0.0,0.0,0.0,0.0,,,,0.0,0.0,1.0,
318.0,David Anderson,23.0,HOU,WR,9.0,0.0,0.0,0.0,0.0,0.0,,,,0.0,0.0,0.0,
319.0,Jason Avant,23.0,PHI,WR,8.0,3.0,0.0,0.0,0.0,0.0,,,,0.0,0.0,1.0,
320.0,Billy Bajema,24.0,SFO,TE,16.0,6.0,0.0,0.0,0.0,0.0,,,,0.0,0.0,0.0,
321.0,Chris Baker,27.0,NYJ,TE,16.0,14.0,0.0,0.0,0.0,0.0,,,,0.0,0.0,0.0,
322.0,Darian Barnes,26.0,MIA,FB,16.0,6.0,0.0,0.0,0.0,0.0,,,,0.0,0.0,0.0,
323.0,Hank Baskett,24.0,PHI,WR,16.0,5.0,0.0,0.0,0.0,0.0,,,,0.0,0.0,0.0,
324.0,Anthony Becht,29.0,TAM,TE,16.0,16.0,0.0,0.0,0.0,0.0,,,,0.0,0.0,1.0,
325.0,Drew Bennett,28.0,TEN,WR,16.0,15.0,0.0,0.0,0.0,0.0,,,,0.0,0.0,2.0,
326.0,Adam Bergen,23.0,ARI,TE,14.0,7.0,0.0,0.0,0.0,0.0,,,,0.0,0.0,2.0,
327.0,Eric Beverly,32.0,ATL,TE,16.0,2.0,0.0,0.0,0.0,0.0,,,,0.0,0.0,0.0,
328.0,Taye Biddle,23.0,CAR,WR,2.0,0.0,0.0,0.0,0.0,0.0,,,,0.0,0.0,0.0,
329.0,Dwayne Blakley,27.0,ATL,TE,16.0,4.0,0.0,0.0,0.0,0.0,,,,0.0,0.0,0.0,
330.0,Corey Bradford,31.0,DET,WR,9.0,2.0,0.0,0.0,0.0,0.0,,,,0.0,0.0,1.0,
331.0,Mark Bradley,24.0,CHI,WR,10.0,0.0,0.0,0.0,0.0,0.0,,,,0.0,0.0,0.0,
332.0,Kyle Brady,34.0,JAX,TE,16.0,14.0,0.0,0.0,0.0,0.0,,,,0.0,0.0,0.0,
333.0,John Bronson,24.0,ARI,TE,2.0,0.0,0.0,0.0,0.0,0.0,,,,0.0,0.0,0.0,
334.0,Isaac Bruce,34.0,STL,WR,16.0,13.0,0.0,0.0,0.0,0.0,,,,0.0,0.0,0.0,
335.0,Mark Bruener,34.0,HOU,TE,15.0,4.0,0.0,0.0,0.0,0.0,,,,0.0,0.0,0.0,
336.0,Antonio Bryant,25.0,SFO,WR,14.0,13.0,0.0,0.0,0.0,0.0,,,,0.0,0.0,0.0,
337.0,Will Buchanon,23.0,OAK,WR,1.0,0.0,0.0,0.0,0.0,0.0,,,,0.0,0.0,0.0,
338.0,Nate Burleson,25.0,SEA,WR,16.0,7.0,0.0,0.0,0.0,0.0,,,,0.0,0.0,2.0,
339.0,Plaxico Burress,29.0,NYG,WR,15.0,15.0,0.0,0.0,0.0,0.0,,,,0.0,0.0,2.0,
340.0,Dominique Byrd,22.0,STL,TE,5.0,0.0,0.0,0.0,0.0,0.0,,,,0.0,0.0,0.0,
341.0,Dan Campbell,30.0,DET,TE,16.0,11.0,0.0,0.0,0.0,0.0,,,,0.0,0.0,0.0,
342.0,Mark Campbell,31.0,NOR,TE,14.0,10.0,0.0,0.0,0.0,0.0,,,,0.0,0.0,0.0,
343.0,Tim Carter,27.0,NYG,WR,16.0,8.0,0.0,0.0,0.0,0.0,,,,0.0,0.0,1.0,
344.0,Antonio Chatman,27.0,CIN,WR,3.0,0.0,0.0,0.0,0.0,0.0,,,,0.0,0.0,0.0,
345.0,Bam Childress,24.0,NWE,WR,2.0,0.0,0.0,0.0,0.0,0.0,,,,0.0,0.0,0.0,
346.0,Brad Cieslak,24.0,BUF,TE,7.0,2.0,0.0,0.0,0.0,0.0,,,,0.0,0.0,0.0,
347.0,Dallas Clark,27.0,IND,TE,12.0,12.0,0.0,0.0,0.0,0.0,,,,0.0,0.0,0.0,
348.0,Desmond Clark,29.0,CHI,TE,16.0,16.0,0.0,0.0,0.0,0.0,,,,0.0,0.0,0.0,
349.0,Keary Colbert,24.0,CAR,WR,12.0,3.0,0.0,0.0,0.0,0.0,,,,0.0,0.0,0.0,
350.0,Marques Colston,23.0,NOR,WR,14.0,12.0,0.0,0.0,0.0,0.0,,,,0.0,0.0,0.0,AP ORoY-2
351.0,Ernie Conwell,34.0,NOR,TE,7.0,5.0,0.0,0.0,0.0,0.0,,,,0.0,0.0,0.0,
352.0,Chris Cooley,24.0,WAS,TE,16.0,16.0,0.0,0.0,0.0,0.0,,,,0.0,0.0,0.0,
353.0,Casey Cramer,24.0,TEN,RB-TE,15.0,0.0,0.0,0.0,0.0,0.0,,,,0.0,0.0,0.0,
354.0,Patrick Crayton,27.0,DAL,WR,16.0,7.0,0.0,0.0,0.0,0.0,,,,0.0,0.0,1.0,
355.0,Alge Crumpler,29.0,ATL,TE,16.0,16.0,0.0,0.0,0.0,0.0,,,,0.0,0.0,0.0,PB
356.0,Owen Daniels,24.0,HOU,TE,14.0,12.0,0.0,0.0,0.0,0.0,,,,0.0,0.0,0.0,
357.0,Andre' Davis,27.0,BUF,WR,16.0,1.0,0.0,0.0,0.0,0.0,,,,0.0,0.0,0.0,
358.0,Rashied Davis,27.0,CHI,WR,16.0,2.0,0.0,0.0,0.0,0.0,,,,0.0,0.0,1.0,
359.0,James Dearth,30.0,NYJ,LS,16.0,0.0,0.0,0.0,0.0,0.0,,,,0.0,0.0,0.0,
360.0,Todd Devoe,26.0,DEN,WR,1.0,0.0,0.0,0.0,0.0,0.0,,,,0.0,0.0,0.0,
361.0,Darnell Dinkins,29.0,CLE,TE,14.0,2.0,0.0,0.0,0.0,0.0,,,,0.0,0.0,1.0,
362.0,Jeff Dugan,25.0,MIN,FB,7.0,7.0,0.0,0.0,0.0,0.0,,,,0.0,0.0,0.0,
363.0,Jason Dunn,33.0,KAN,TE,15.0,5.0,0.0,0.0,0.0,0.0,,,,0.0,0.0,0.0,
364.0,Lee Evans,25.0,BUF,WR,16.0,15.0,0.0,0.0,0.0,0.0,,,,0.0,0.0,1.0,
365.0,Kevin Everett,24.0,BUF,TE,16.0,4.0,0.0,0.0,0.0,0.0,,,,0.0,0.0,0.0,
366.0,Anthony Fasano,22.0,DAL,TE,16.0,5.0,0.0,0.0,0.0,0.0,,,,0.0,0.0,0.0,
367.0,Christian Fauria,35.0,WAS,TE,9.0,0.0,0.0,0.0,0.0,0.0,,,,0.0,0.0,0.0,
368.0,Jay Feely,30.0,NYG,K,16.0,0.0,0.0,0.0,0.0,0.0,,,,0.0,0.0,0.0,
369.0,Robert Ferguson,27.0,GNB,WR,4.0,1.0,0.0,0.0,0.0,0.0,,,,0.0,0.0,0.0,
370.0,Larry Fitzgerald,23.0,ARI,WR,13.0,13.0,0.0,0.0,0.0,0.0,,,,0.0,0.0,0.0,
371.0,Casey Fitzsimmons,26.0,DET,TE,11.0,2.0,0.0,0.0,0.0,0.0,,,,0.0,0.0,0.0,
372.0,Bryan Fletcher,27.0,IND,TE,15.0,3.0,0.0,0.0,0.0,0.0,,,,0.0,0.0,0.0,
373.0,Malcom Floyd,25.0,SDG,WR,12.0,0.0,0.0,0.0,0.0,0.0,,,,0.0,0.0,0.0,
374.0,Chris Francies,24.0,GNB,WR,7.0,0.0,0.0,0.0,0.0,0.0,,,,0.0,0.0,0.0,
375.0,Bubba Franks,28.0,GNB,TE,16.0,14.0,0.0,0.0,0.0,0.0,,,,0.0,0.0,2.0,
376.0,Mike Furrey,29.0,DET,WR,16.0,14.0,0.0,0.0,0.0,0.0,,,,0.0,0.0,1.0,
377.0,Doug Gabriel,26.0,2TM,WR,15.0,5.0,0.0,0.0,0.0,0.0,,,,0.0,0.0,1.0,
377.0,Doug Gabriel,26.0,OAK,WR,3.0,0.0,0.0,0.0,0.0,0.0,,,,0.0,0.0,0.0,
377.0,Doug Gabriel,26.0,NWE,WR,12.0,5.0,0.0,0.0,0.0,0.0,,,,0.0,0.0,1.0,
378.0,Jabar Gaffney,26.0,NWE,WR,11.0,6.0,0.0,0.0,0.0,0.0,,,,0.0,0.0,0.0,
379.0,Justin Gage,25.0,CHI,WR,8.0,0.0,0.0,0.0,0.0,0.0,,,,0.0,0.0,1.0,
380.0,Michael Gaines,26.0,CAR,TE,16.0,9.0,0.0,0.0,0.0,0.0,,,,0.0,0.0,0.0,
381.0,Rod Gardner,29.0,KAN,WR,14.0,0.0,0.0,0.0,0.0,0.0,,,,0.0,0.0,0.0,
382.0,Antonio Gates,26.0,SDG,TE,16.0,16.0,0.0,0.0,0.0,0.0,,,,0.0,0.0,0.0,"PB,AP-1"
383.0,John Gilmore,27.0,CHI,TE,16.0,3.0,0.0,0.0,0.0,0.0,,,,0.0,0.0,0.0,
384.0,Tony Gonzalez,30.0,KAN,TE,15.0,15.0,0.0,0.0,0.0,0.0,,,,0.0,0.0,1.0,"PB,AP-2"
385.0,Daniel Graham,28.0,NWE,TE,12.0,11.0,0.0,0.0,0.0,0.0,,,,0.0,0.0,1.0,
386.0,Justin Green,24.0,BAL,FB,12.0,3.0,0.0,0.0,0.0,0.0,,,,0.0,0.0,0.0,
387.0,D.J. Hackett,25.0,SEA,WR,14.0,5.0,0.0,0.0,0.0,0.0,,,,0.0,0.0,0.0,
388.0,Derek Hagan,22.0,MIA,WR,16.0,0.0,0.0,0.0,0.0,0.0,,,,0.0,0.0,0.0,
389.0,DeAngelo Hall,23.0,ATL,LCB,16.0,16.0,0.0,0.0,0.0,0.0,,,,0.0,0.0,1.0,PB
390.0,Geoff Hangartner,24.0,CAR,C,16.0,15.0,0.0,0.0,0.0,0.0,,,,0.0,0.0,0.0,
391.0,Cortez Hankton,25.0,JAX,WR,12.0,1.0,0.0,0.0,0.0,0.0,,,,0.0,0.0,0.0,
392.0,Karl Hankton,36.0,CAR,WR,16.0,0.0,0.0,0.0,0.0,0.0,,,,0.0,0.0,0.0,
393.0,Marvin Harrison,34.0,IND,WR,16.0,16.0,0.0,0.0,0.0,0.0,,,,0.0,0.0,1.0,"PB,AP-1"
394.0,Ben Hartsock,26.0,TEN,TE,6.0,3.0,0.0,0.0,0.0,0.0,,,,0.0,0.0,0.0,
395.0,Todd Heap,26.0,BAL,TE,16.0,16.0,0.0,0.0,0.0,0.0,,,,0.0,0.0,0.0,
396.0,Steve Heiden,30.0,CLE,TE,16.0,6.0,0.0,0.0,0.0,0.0,,,,0.0,0.0,0.0,
397.0,Will Heller,25.0,SEA,TE,16.0,0.0,0.0,0.0,0.0,0.0,,,,0.0,0.0,0.0,
398.0,William Henderson,35.0,GNB,FB,14.0,9.0,0.0,0.0,0.0,0.0,,,,0.0,0.0,0.0,
399.0,Chris Henry,23.0,CIN,WR,13.0,4.0,0.0,0.0,0.0,0.0,,,,0.0,0.0,0.0,
400.0,Devin Hester,24.0,CHI,PR,16.0,0.0,0.0,0.0,0.0,0.0,,,,0.0,0.0,8.0,"PB,AP-1"
401.0,Chris Hetherington,34.0,SFO,FB,3.0,2.0,0.0,0.0,0.0,0.0,,,,0.0,0.0,0.0,
402.0,Ike Hilliard,30.0,TAM,WR,16.0,0.0,0.0,0.0,0.0,0.0,,,,0.0,0.0,3.0,
403.0,James Hodgins,29.0,NYJ,FB,6.0,0.0,0.0,0.0,0.0,0.0,,,,0.0,0.0,0.0,
404.0,Carlyle Holiday,25.0,2TM,WR,8.0,2.0,0.0,0.0,0.0,0.0,,,,0.0,0.0,0.0,
404.0,Carlyle Holiday,25.0,ARI,WR,4.0,2.0,0.0,0.0,0.0,0.0,,,,0.0,0.0,0.0,
404.0,Carlyle Holiday,25.0,GNB,WR,4.0,0.0,0.0,0.0,0.0,0.0,,,,0.0,0.0,0.0,
405.0,Glenn Holt,22.0,CIN,WR,11.0,0.0,0.0,0.0,0.0,0.0,,,,0.0,0.0,0.0,
406.0,Torry Holt,30.0,STL,WR,16.0,16.0,0.0,0.0,0.0,0.0,,,,0.0,0.0,2.0,"PB,AP-2"
407.0,Joe Horn,34.0,NOR,WR,10.0,9.0,0.0,0.0,0.0,0.0,,,,0.0,0.0,0.0,
408.0,Oliver Hoyte,22.0,DAL,FB,12.0,5.0,0.0,0.0,0.0,0.0,,,,0.0,0.0,0.0,
409.0,Sam Hurd,21.0,DAL,WR,15.0,2.0,0.0,0.0,0.0,0.0,,,,0.0,0.0,0.0,
410.0,Darrell Jackson,28.0,SEA,WR,13.0,13.0,0.0,0.0,0.0,0.0,,,,0.0,0.0,1.0,
411.0,Nate Jackson,27.0,DEN,WR,11.0,0.0,0.0,0.0,0.0,0.0,,,,0.0,0.0,0.0,
412.0,Taylor Jacobs,25.0,SFO,WR,8.0,0.0,0.0,0.0,0.0,0.0,,,,0.0,0.0,0.0,
413.0,Greg Jennings,23.0,GNB,WR,14.0,11.0,0.0,0.0,0.0,0.0,,,,0.0,0.0,1.0,
414.0,Charlie Johnson,22.0,IND,T,16.0,1.0,0.0,0.0,0.0,0.0,,,,0.0,0.0,0.0,
415.0,Darcy Johnson,23.0,NYG,TE,1.0,0.0,0.0,0.0,0.0,0.0,,,,0.0,0.0,0.0,
416.0,Eric Johnson,27.0,SFO,TE,13.0,9.0,0.0,0.0,0.0,0.0,,,,0.0,0.0,0.0,
417.0,Doug Jolley,27.0,TAM,TE,11.0,0.0,0.0,0.0,0.0,0.0,,,,0.0,0.0,0.0,
418.0,Jamal Jones,25.0,NOR,WR,12.0,1.0,0.0,0.0,0.0,0.0,,,,0.0,0.0,0.0,
419.0,Joe Jurevicius,32.0,CLE,WR,13.0,8.0,0.0,0.0,0.0,0.0,,,,0.0,0.0,0.0,
420.0,Nate Kaeding,24.0,SDG,K,16.0,0.0,0.0,0.0,0.0,0.0,,,,0.0,0.0,0.0,"PB,AP-2"
421.0,Kevin Kasper,29.0,DET,WR,1.0,1.0,0.0,0.0,0.0,0.0,,,,0.0,0.0,0.0,
422.0,Reggie Kelly,29.0,CIN,TE,16.0,16.0,0.0,0.0,0.0,0.0,,,,0.0,0.0,0.0,
423.0,Jeff King,23.0,CAR,TE,12.0,0.0,0.0,0.0,0.0,0.0,,,,0.0,0.0,0.0,
424.0,David Kircus,26.0,DEN,WR,16.0,0.0,0.0,0.0,0.0,0.0,,,,0.0,0.0,0.0,
425.0,Dan Klecko,25.0,IND,DT,10.0,0.0,0.0,0.0,0.0,0.0,,,,0.0,0.0,0.0,
426.0,Jim Kleinsasser,29.0,MIN,TE,16.0,12.0,0.0,0.0,0.0,0.0,,,,0.0,0.0,0.0,
427.0,Joe Klopfenstein,23.0,STL,TE,16.0,16.0,0.0,0.0,0.0,0.0,,,,0.0,0.0,0.0,
428.0,Brian Kozlowski,36.0,WAS,TE,3.0,0.0,0.0,0.0,0.0,0.0,,,,0.0,0.0,0.0,
429.0,Nate Lawrie,25.0,NOR,TE,7.0,0.0,0.0,0.0,0.0,0.0,,,,0.0,0.0,0.0,
430.0,Vonta Leach,25.0,2TM,RB,12.0,5.0,0.0,0.0,0.0,0.0,,,,0.0,0.0,0.0,
430.0,Vonta Leach,25.0,GNB,RB,1.0,1.0,0.0,0.0,0.0,0.0,,,,0.0,0.0,0.0,
430.0,Vonta Leach,25.0,HOU,RB,11.0,4.0,0.0,0.0,0.0,0.0,,,,0.0,0.0,0.0,
431.0,Donald Lee,26.0,GNB,TE,15.0,2.0,0.0,0.0,0.0,0.0,,,,0.0,0.0,0.0,
432.0,Ashley Lelie,26.0,ATL,WR,15.0,10.0,0.0,0.0,0.0,0.0,,,,0.0,0.0,0.0,
433.0,Derrick Lewis,31.0,HOU,WR,4.0,0.0,0.0,0.0,0.0,0.0,,,,0.0,0.0,0.0,
434.0,Greg Lewis,26.0,PHI,WR,16.0,3.0,0.0,0.0,0.0,0.0,,,,0.0,0.0,1.0,
435.0,Marcedes Lewis,22.0,JAX,TE,15.0,3.0,0.0,0.0,0.0,0.0,,,,0.0,0.0,0.0,
436.0,Brandon Lloyd,25.0,WAS,WR,15.0,12.0,0.0,0.0,0.0,0.0,,,,0.0,0.0,1.0,
437.0,John Madsen,23.0,OAK,WR,15.0,1.0,0.0,0.0,0.0,0.0,,,,0.0,0.0,0.0,
438.0,Nick Mangold,22.0,NYJ,C,16.0,16.0,0.0,0.0,0.0,0.0,,,,0.0,0.0,1.0,
439.0,Kris Mangum,33.0,CAR,TE,15.0,5.0,0.0,0.0,0.0,0.0,,,,0.0,0.0,0.0,
440.0,David Martin,27.0,GNB,TE,11.0,4.0,0.0,0.0,0.0,0.0,,,,0.0,0.0,0.0,
441.0,Ruvell Martin,24.0,GNB,WR,13.0,3.0,0.0,0.0,0.0,0.0,,,,0.0,0.0,0.0,
442.0,Justin McCareins,28.0,NYJ,WR,16.0,7.0,0.0,0.0,0.0,0.0,,,,0.0,0.0,1.0,
443.0,Josh McCown,27.0,DET,QB,2.0,0.0,0.0,0.0,0.0,0.0,,,,0.0,0.0,0.0,
444.0,Fred McCrary,34.0,ATL,FB,15.0,0.0,0.0,0.0,0.0,0.0,,,,0.0,0.0,0.0,
445.0,Shaun McDonald,25.0,STL,WR,16.0,0.0,0.0,0.0,0.0,0.0,,,,0.0,0.0,2.0,
446.0,Sean McHugh,24.0,DET,FB,6.0,2.0,0.0,0.0,0.0,0.0,,,,0.0,0.0,0.0,
447.0,Corey McIntyre,27.0,NOR,FB,4.0,0.0,0.0,0.0,0.0,0.0,,,,0.0,0.0,0.0,
448.0,Randy McMichael,27.0,MIA,TE,16.0,16.0,0.0,0.0,0.0,0.0,,,,0.0,0.0,0.0,
449.0,Billy McMullen,26.0,MIN,WR,16.0,0.0,0.0,0.0,0.0,0.0,,,,0.0,0.0,0.0,
450.0,Itula Mili,33.0,SEA,TE,10.0,2.0,0.0,0.0,0.0,0.0,,,,0.0,0.0,0.0,
451.0,Billy Miller,29.0,NOR,TE,10.0,3.0,0.0,0.0,0.0,0.0,,,,0.0,0.0,1.0,
452.0,Heath Miller,24.0,PIT,TE,16.0,16.0,0.0,0.0,0.0,0.0,,,,0.0,0.0,0.0,
453.0,Brandon Miree,25.0,GNB,RB,10.0,3.0,0.0,0.0,0.0,0.0,,,,0.0,0.0,0.0,
454.0,Clarence Moore,24.0,BAL,WR,10.0,1.0,0.0,0.0,0.0,0.0,,,,0.0,0.0,0.0,
455.0,Dave Moore,37.0,TAM,TE,13.0,0.0,0.0,0.0,0.0,0.0,,,,0.0,0.0,1.0,PB
456.0,Lance Moore,23.0,NOR,WR,4.0,0.0,0.0,0.0,0.0,0.0,,,,0.0,0.0,0.0,
457.0,Aaron Moorehead,26.0,IND,WR,12.0,0.0,0.0,0.0,0.0,0.0,,,,0.0,0.0,0.0,
458.0,Johnnie Morant,25.0,OAK,WR,10.0,2.0,0.0,0.0,0.0,0.0,,,,0.0,0.0,2.0,
459.0,Sean Morey,30.0,PIT,WR,16.0,0.0,0.0,0.0,0.0,0.0,,,,0.0,0.0,1.0,
460.0,Randy Moss,29.0,OAK,WR,13.0,13.0,0.0,0.0,0.0,0.0,,,,0.0,0.0,0.0,
461.0,Sinorice Moss,23.0,NYG,WR,6.0,0.0,0.0,0.0,0.0,0.0,,,,0.0,0.0,0.0,
462.0,Muhsin Muhammad,33.0,CHI,WR,16.0,16.0,0.0,0.0,0.0,0.0,,,,0.0,0.0,1.0,
463.0,Chad Mustard,29.0,DEN,TE,12.0,4.0,0.0,0.0,0.0,0.0,,,,0.0,0.0,0.0,
464.0,Martin Nance,23.0,MIN,WR,1.0,1.0,0.0,0.0,0.0,0.0,,,,0.0,0.0,1.0,
465.0,Ryan Neufeld,31.0,BUF,TE,9.0,0.0,0.0,0.0,0.0,0.0,,,,0.0,0.0,0.0,
466.0,Mike Nugent,24.0,NYJ,K,16.0,0.0,0.0,0.0,0.0,0.0,,,,0.0,0.0,0.0,
467.0,Kassim Osgood,26.0,SDG,WR,16.0,0.0,0.0,0.0,0.0,0.0,,,,0.0,0.0,0.0,PB
468.0,Chad Owens,24.0,JAX,WR,4.0,0.0,0.0,0.0,0.0,0.0,,,,0.0,0.0,0.0,
469.0,John Owens,26.0,NOR,TE,5.0,0.0,0.0,0.0,0.0,0.0,,,,0.0,0.0,0.0,
470.0,Richard Owens,26.0,MIN,TE,16.0,2.0,0.0,0.0,0.0,0.0,,,,0.0,0.0,0.0,
471.0,Terrell Owens,33.0,DAL,WR,16.0,15.0,0.0,0.0,0.0,0.0,,,,0.0,0.0,0.0,
472.0,Josh Parry,28.0,SEA,RB,8.0,0.0,0.0,0.0,0.0,0.0,,,,0.0,0.0,0.0,
473.0,David Patten,32.0,WAS,WR,5.0,0.0,0.0,0.0,0.0,0.0,,,,0.0,0.0,0.0,
474.0,Justin Peelle,27.0,MIA,TE,15.0,10.0,0.0,0.0,0.0,0.0,,,,0.0,0.0,0.0,
475.0,Jason Peters,24.0,BUF,LT/RT,16.0,16.0,0.0,0.0,0.0,0.0,,,,0.0,0.0,0.0,
476.0,Marcus Pollard,34.0,DET,TE,15.0,5.0,0.0,0.0,0.0,0.0,,,,0.0,0.0,0.0,
477.0,Leonard Pope,23.0,ARI,TE,16.0,6.0,0.0,0.0,0.0,0.0,,,,0.0,0.0,0.0,
478.0,Jerry Porter,28.0,OAK,WR,4.0,0.0,0.0,0.0,0.0,0.0,,,,0.0,0.0,0.0,
479.0,Ricky Proehl,38.0,IND,WR,2.0,1.0,0.0,0.0,0.0,0.0,,,,0.0,0.0,0.0,
480.0,Jeb Putzier,27.0,HOU,TE,14.0,5.0,0.0,0.0,0.0,0.0,,,,0.0,0.0,0.0,
481.0,Ed Reed,28.0,BAL,FS,16.0,16.0,0.0,0.0,0.0,0.0,,,,0.0,0.0,0.0,"PB,AP-1"
482.0,Gabe Reid,29.0,CHI,TE,13.0,1.0,0.0,0.0,0.0,0.0,,,,0.0,0.0,0.0,
483.0,Koren Robinson,26.0,GNB,WR,4.0,0.0,0.0,0.0,0.0,0.0,,,,0.0,0.0,0.0,
484.0,Marcus Robinson,31.0,MIN,WR,10.0,3.0,0.0,0.0,0.0,0.0,,,,0.0,0.0,2.0,
485.0,Cory Ross,24.0,BAL,RB,4.0,0.0,0.0,0.0,0.0,0.0,,,,0.0,0.0,1.0,
486.0,Grey Ruegamer,30.0,NYG,G,16.0,1.0,0.0,0.0,0.0,0.0,,,,0.0,0.0,0.0,
487.0,Brian Russell,28.0,CLE,FS,12.0,12.0,0.0,0.0,0.0,0.0,,,,0.0,0.0,0.0,
488.0,Cliff Russell,27.0,MIA,WR,3.0,0.0,0.0,0.0,0.0,0.0,,,,0.0,0.0,0.0,
489.0,Sean Ryan,26.0,NYJ,TE,16.0,3.0,0.0,0.0,0.0,0.0,,,,0.0,0.0,1.0,
490.0,Cory Schlesinger,34.0,DET,FB,14.0,5.0,0.0,0.0,0.0,0.0,,,,0.0,0.0,0.0,
491.0,Matt Schobel,28.0,PHI,TE,16.0,4.0,0.0,0.0,0.0,0.0,,,,0.0,0.0,1.0,
492.0,Daimon Shelton,34.0,BUF,FB,14.0,10.0,0.0,0.0,0.0,0.0,,,,0.0,0.0,0.0,
493.0,Visanthe Shiancoe,26.0,NYG,TE,16.0,4.0,0.0,0.0,0.0,0.0,,,,0.0,0.0,1.0,
494.0,Jeremy Shockey,26.0,NYG,TE,15.0,15.0,0.0,0.0,0.0,0.0,,,,0.0,0.0,0.0,PB
495.0,Chad Slaughter,28.0,OAK,LT,15.0,6.0,0.0,0.0,0.0,0.0,,,,0.0,0.0,0.0,
496.0,Alex Smith,24.0,TAM,TE,14.0,7.0,0.0,0.0,0.0,0.0,,,,0.0,0.0,1.0,
497.0,L.J. Smith,26.0,PHI,TE,16.0,15.0,0.0,0.0,0.0,0.0,,,,0.0,0.0,0.0,
498.0,Mike Smith,25.0,BAL,LB,8.0,1.0,0.0,0.0,0.0,0.0,,,,0.0,0.0,0.0,
499.0,Paul Smith,28.0,STL,RB,10.0,3.0,0.0,0.0,0.0,0.0,,,,0.0,0.0,0.0,
500.0,Jerald Sowell,32.0,TAM,FB,11.0,0.0,0.0,0.0,0.0,0.0,,,,0.0,0.0,0.0,
501.0,Micheal Spurlock,23.0,ARI,WR,1.0,0.0,0.0,0.0,0.0,0.0,,,,0.0,0.0,0.0,
502.0,Donte' Stallworth,26.0,PHI,WR,12.0,11.0,0.0,0.0,0.0,0.0,,,,0.0,0.0,0.0,
503.0,Jerramy Stevens,27.0,SEA,TE,11.0,6.0,0.0,0.0,0.0,0.0,,,,0.0,0.0,1.0,
504.0,Tony Stewart,27.0,CIN,TE,16.0,3.0,0.0,0.0,0.0,0.0,,,,0.0,0.0,0.0,
505.0,Brandon Stokley,30.0,IND,WR,4.0,1.0,0.0,0.0,0.0,0.0,,,,0.0,0.0,0.0,
506.0,Quinn Sypniewski,24.0,BAL,TE,16.0,3.0,0.0,0.0,0.0,0.0,,,,0.0,0.0,0.0,
507.0,Robert Tate,33.0,ARI,DB,9.0,0.0,0.0,0.0,0.0,0.0,,,,0.0,0.0,0.0,
508.0,David Thomas,23.0,NWE,TE,15.0,3.0,0.0,0.0,0.0,0.0,,,,0.0,0.0,0.0,
509.0,James Thrash,31.0,WAS,WR,16.0,0.0,0.0,0.0,0.0,0.0,,,,0.0,0.0,0.0,
510.0,Ben Troupe,24.0,TEN,TE,10.0,9.0,0.0,0.0,0.0,0.0,,,,0.0,0.0,0.0,
511.0,Jerame Tuman,30.0,PIT,TE,15.0,4.0,0.0,0.0,0.0,0.0,,,,0.0,0.0,0.0,
512.0,Stacy Tutt,24.0,NYJ,RB,2.0,0.0,0.0,0.0,0.0,0.0,,,,0.0,0.0,0.0,
513.0,David Tyree,26.0,NYG,WR,16.0,1.0,0.0,0.0,0.0,0.0,,,,0.0,0.0,0.0,
514.0,Ben Utecht,25.0,IND,TE,15.0,15.0,0.0,0.0,0.0,0.0,,,,0.0,0.0,1.0,
515.0,Marcus Vick,22.0,MIA,WR,1.0,0.0,0.0,0.0,0.0,0.0,,,,0.0,0.0,0.0,
516.0,Mike Vrabel,31.0,NWE,ROLB/RILB,16.0,16.0,0.0,0.0,0.0,0.0,,,,0.0,0.0,0.0,
517.0,Bobby Wade,25.0,TEN,WR,16.0,2.0,0.0,0.0,0.0,0.0,,,,0.0,0.0,2.0,
518.0,Fred Wakefield,28.0,ARI,TE,16.0,9.0,0.0,0.0,0.0,0.0,,,,0.0,0.0,1.0,
519.0,Aaron Walker,26.0,STL,TE,16.0,6.0,0.0,0.0,0.0,0.0,,,,0.0,0.0,0.0,
520.0,Delanie Walker,22.0,SFO,TE,7.0,1.0,0.0,0.0,0.0,0.0,,,,0.0,0.0,0.0,
521.0,Cooper Wallace,24.0,TEN,TE,2.0,1.0,0.0,0.0,0.0,0.0,,,,0.0,0.0,0.0,
522.0,Troy Walters,30.0,ARI,WR,15.0,3.0,0.0,0.0,0.0,0.0,,,,0.0,0.0,3.0,
523.0,Paris Warren,24.0,TAM,WR,8.0,0.0,0.0,0.0,0.0,0.0,,,,0.0,0.0,0.0,
524.0,Kelley Washington,27.0,CIN,WR,5.0,1.0,0.0,0.0,0.0,0.0,,,,0.0,0.0,0.0,
525.0,Ben Watson,26.0,NWE,TE,13.0,13.0,0.0,0.0,0.0,0.0,,,,0.0,0.0,3.0,
526.0,Reggie Wayne,28.0,IND,WR,16.0,16.0,0.0,0.0,0.0,0.0,,,,0.0,0.0,1.0,PB
527.0,Jeff Webb,24.0,KAN,WR,10.0,0.0,0.0,0.0,0.0,0.0,,,,0.0,0.0,0.0,
528.0,Wes Welker,25.0,MIA,WR,16.0,2.0,0.0,0.0,0.0,0.0,,,,0.0,0.0,3.0,
529.0,Roddy White,25.0,ATL,WR,16.0,5.0,0.0,0.0,0.0,0.0,,,,0.0,0.0,1.0,
530.0,Jermaine Wiggins,31.0,MIN,TE,16.0,3.0,0.0,0.0,0.0,0.0,,,,0.0,0.0,1.0,
531.0,Daniel Wilcox,29.0,BAL,TE,14.0,6.0,0.0,0.0,0.0,0.0,,,,0.0,0.0,2.0,
532.0,Ernest Wilford,27.0,JAX,WR,16.0,12.0,0.0,0.0,0.0,0.0,,,,0.0,0.0,1.0,
533.0,Demetrius Williams,23.0,BAL,WR,16.0,0.0,0.0,0.0,0.0,0.0,,,,0.0,0.0,0.0,
534.0,Mike Williams,22.0,DET,WR,8.0,2.0,0.0,0.0,0.0,0.0,,,,0.0,0.0,0.0,
535.0,Randal Williams,28.0,OAK,TE,16.0,10.0,0.0,0.0,0.0,0.0,,,,0.0,0.0,2.0,
536.0,Roydell Williams,25.0,TEN,WR,14.0,0.0,0.0,0.0,0.0,0.0,,,,0.0,0.0,0.0,
537.0,Troy Williamson,23.0,MIN,WR,14.0,11.0,0.0,0.0,0.0,0.0,,,,0.0,0.0,0.0,
538.0,Kris Wilson,25.0,KAN,FB,16.0,10.0,0.0,0.0,0.0,0.0,,,,0.0,0.0,0.0,
539.0,Travis Wilson,22.0,CLE,WR,4.0,1.0,0.0,0.0,0.0,0.0,,,,0.0,0.0,0.0,
540.0,Kellen Winslow,23.0,CLE,TE,16.0,16.0,0.0,0.0,0.0,0.0,,,,0.0,0.0,1.0,AP CPoY-4
541.0,Jason Witten,24.0,DAL,TE,16.0,15.0,0.0,0.0,0.0,0.0,,,,0.0,0.0,0.0,PB
542.0,George Wrighster,25.0,JAX,TE,16.0,10.0,0.0,0.0,0.0,0.0,,,,0.0,0.0,0.0,
543.0,Todd Yoder,28.0,WAS,TE,14.0,0.0,0.0,0.0,0.0,0.0,,,,0.0,0.0,0.0,
544.0,Walter Young,27.0,PIT,WR,2.0,0.0,0.0,0.0,0.0,0.0,,,,0.0,0.0,0.0,
,League Average,,,,,,,,,,44.1,,4.2,9.1,2.2,,
